Temp_Rikken,Ideology,Interest,Gender,Age,Education,Job,Income
30,9,1,2,69,4,5,4333994
50,7,4,2,47,3,1,979181
0,11,2,2,37,2,1,8498127
50,11,2,1,51,4,2,7572654
30,7,2,1,38,4,1,6436713
0,11,1,1,71,2,5,3410276
10,9,2,1,47,3,2,8652860
0,11,1,1,71,2,5,927703
50,9,1,1,75,4,1,4497693
55,6,2,2,66,3,4,2419573
1,10,2,1,45,4,1,8651568
50,6,4,2,65,2,1,2579443
0,10,1,2,73,3,4,4484688
60,7,2,1,54,2,1,9599381
50,6,3,2,62,4,4,4671056
20,9,1,1,36,2,1,6500686
3,4,3,2,69,4,2,8440579
0,7,1,1,62,4,5,4717498
0,3,3,1,65,4,5,2490241
0,7,2,2,61,4,5,3384457
0,10,2,2,70,2,5,1202697
50,6,3,1,38,2,1,6484944
25,6,2,1,50,4,1,6399548
50,6,3,2,41,4,4,6470426
60,5,2,2,60,4,4,761356
0,9,2,1,64,4,5,915225
50,6,3,1,62,4,1,9243209
20,5,1,1,71,4,5,2317484
0,11,4,1,45,2,1,3543050
30,4,3,2,48,2,4,8540352
15,7,2,1,61,3,2,17148675
0,9,1,2,53,2,4,4422284
50,7,2,2,66,2,4,8475889
25,7,2,2,57,2,4,6385198
70,6,1,1,47,4,1,9685530
20,6,2,2,67,2,1,7455450
100,4,1,2,63,3,4,2399243
25,6,3,1,40,4,5,3331381
40,6,2,1,74,1,5,3552567
50,10,1,2,47,2,4,4527968
100,6,1,1,28,4,1,6355322
80,5,2,1,49,4,1,7670456
10,7,3,1,28,4,1,10848466
30,8,2,2,50,3,1,8515626
35,8,2,2,63,2,1,2501305
0,6,2,1,73,2,5,3583376
50,6,2,2,43,3,1,9354573
80,3,2,1,58,4,2,2383121
25,6,2,2,71,2,6,999443
50,6,4,2,70,2,4,4438056
50,6,2,2,60,2,4,994437
20,5,2,1,51,3,1,7511506
70,6,2,2,63,3,4,8580609
50,6,2,2,43,2,1,2522583
75,7,2,2,59,2,2,4480121
30,5,3,2,53,4,2,1149593
40,7,2,2,45,2,1,2428745
50,5,2,2,66,4,4,3527328
40,7,2,2,51,4,1,6470099
0,4,2,1,63,3,5,907830
50,6,4,1,55,4,1,24835934
50,4,1,2,72,4,6,4601916
0,5,2,1,29,2,1,3549471
5,6,2,1,60,4,1,2508387
80,6,3,2,57,4,4,9444207
20,4,3,1,43,4,1,6364164
0,8,2,2,43,2,4,9463693
60,4,2,1,39,4,1,12939564
50,6,3,2,50,4,1,6426149
20,10,2,1,62,4,5,6315985
0,6,4,2,67,4,4,2480858
40,9,2,2,61,3,2,4512453
60,3,1,1,66,4,5,4632306
0,1,4,1,61,4,2,25041609
10,8,2,1,65,3,1,8458729
50,2,2,1,58,3,2,4364293
40,5,2,1,44,4,1,8588831
20,5,3,2,56,3,5,1251793
70,5,2,1,64,3,2,968090
20,8,1,1,29,4,1,11033663
5,9,2,1,58,2,1,16948226
50,6,4,1,45,4,5,1079062
0,6,1,2,51,4,4,1116703
60,3,2,1,62,4,1,3301402
0,8,2,1,28,4,1,12969040
0,9,3,2,69,3,4,4448481
50,6,2,1,57,4,2,13220990
0,9,2,2,61,2,1,8614777
60,4,2,1,38,4,1,10921531
30,7,1,2,71,1,5,2388329
50,8,4,2,37,4,4,7509491
70,5,2,1,45,4,1,6694980
55,6,2,1,72,4,5,4442815
0,6,2,1,37,4,1,7603350
0,10,1,2,37,4,1,6365896
60,10,2,1,64,4,1,10930882
0,6,2,2,66,2,6,3395617
0,9,3,1,52,2,5,2622245
50,6,3,2,42,4,4,3574686
30,8,2,1,56,4,1,16949996
60,7,2,2,50,4,4,9425476
50,5,2,1,65,2,5,2507934
0,3,2,2,48,3,1,9532057
30,4,2,2,75,4,5,6454255
60,8,2,2,47,4,4,9459318
50,5,3,1,42,3,1,17067611
25,6,2,1,43,4,2,12917738
70,3,1,2,68,4,4,3451742
85,5,2,1,68,4,5,3662359
50,6,3,2,56,2,4,6411506
80,9,1,2,62,2,4,885630
60,7,2,1,67,4,5,3494841
40,7,3,2,60,2,4,7643578
10,6,3,2,48,2,4,9462014
40,6,2,2,68,2,4,3439475
60,4,3,2,65,3,4,2334336
30,6,2,1,60,4,1,17068209
50,4,2,1,46,4,1,9370682
30,7,2,2,60,2,4,4504264
45,5,2,2,34,2,1,6464609
50,3,2,2,41,1,6,7551300
0,9,1,1,61,4,1,16971484
0,6,2,2,31,3,4,6591139
10,10,1,2,68,3,4,4495050
75,3,1,1,65,4,5,9556080
55,9,3,1,38,4,1,11121882
70,6,1,2,75,3,2,1005376
50,4,2,2,44,4,1,6419897
25,6,1,2,73,2,5,1033049
0,8,3,2,64,2,1,9770717
0,1,2,2,40,3,1,7497061
30,3,3,1,50,4,1,9509421
60,6,2,2,54,4,2,12879002
20,7,2,1,70,2,5,3514632
50,7,3,2,70,3,2,7551477
0,6,3,2,61,3,1,9438981
30,6,2,1,69,4,2,6394379
50,6,1,2,55,2,4,11126614
45,6,2,1,60,4,1,6676582
50,5,2,2,45,3,1,3560731
30,4,1,1,42,4,1,7316457
25,7,3,1,48,3,1,6419949
0,9,2,2,47,3,4,7615603
10,10,2,2,70,2,6,6487908
30,5,2,1,46,3,2,7630165
40,6,3,2,63,2,5,1001751
45,6,2,2,43,4,4,13082085
50,9,2,2,33,2,4,3577661
0,7,2,1,29,2,1,4600954
50,6,3,1,46,4,1,11025472
15,9,1,1,35,2,1,2447507
0,6,2,2,46,3,1,3537917
35,5,3,1,60,4,1,4414452
50,4,1,2,49,4,4,8502485
40,6,2,2,53,4,1,11044727
0,6,3,2,50,2,2,3387358
20,6,2,2,68,3,4,2532525
30,7,3,1,61,2,2,10764962
0,6,2,2,32,2,1,4453688
0,6,3,1,28,3,1,4714301
60,1,1,1,54,3,5,4559836
50,6,2,1,35,4,1,10832585
50,7,2,2,59,3,2,9504551
60,7,2,2,63,2,4,2387018
50,6,2,2,39,4,1,8574890
0,10,3,1,75,2,6,2441427
7,10,1,1,53,4,1,9521388
40,9,3,1,32,4,1,4421223
20,7,2,1,63,4,1,4579625
50,7,2,2,44,4,4,6479480
0,4,2,1,62,3,1,2611255
0,7,2,2,64,2,4,890631
50,8,1,1,54,4,1,9588487
10,5,1,1,60,4,1,24941314
5,8,1,2,65,3,4,8555338
80,4,1,2,72,3,5,3542366
0,8,1,2,45,3,1,6438247
70,4,1,1,70,4,5,3596201
0,7,2,2,53,3,6,17159158
20,9,2,2,62,4,6,4433057
60,5,2,2,46,3,4,7427765
0,4,2,1,49,3,1,9508166
40,6,3,2,57,3,4,6420039
0,6,3,1,28,4,1,12990483
10,7,2,2,71,4,4,999085
30,8,2,2,51,4,4,24978978
0,6,3,2,70,2,4,2558379
0,6,1,1,50,4,2,11024240
50,6,3,1,51,2,1,3572882
0,8,2,1,38,4,1,6468957
50,6,2,2,65,2,4,6471573
40,5,2,1,66,3,5,643629
50,9,2,2,68,4,5,6402320
5,6,2,1,53,4,1,9511197
50,9,4,2,42,3,5,3626355
1,10,1,1,39,3,2,4509799
50,6,2,2,74,1,4,2546585
0,10,4,1,43,2,1,9337857
25,7,3,1,33,2,1,906328
50,4,1,1,70,4,5,2596359
20,9,2,1,75,4,5,7512443
0,8,3,1,34,2,1,3659739
10,8,2,2,70,4,4,6646640
0,4,2,1,41,4,1,6609912
60,6,4,2,50,4,4,9492949
50,6,2,1,60,4,1,16919023
50,9,3,2,56,3,1,2566356
50,4,4,1,48,4,1,6520865
40,5,2,1,40,4,1,17131551
40,6,2,1,49,4,1,6405039
10,5,2,1,61,2,5,869092
0,11,2,1,47,3,1,2781670
25,6,2,1,35,3,1,8644016
50,4,2,1,43,2,1,2677803
50,8,2,1,42,4,1,17008249
50,6,3,2,54,2,4,4496517
20,8,1,1,54,4,5,1016172
70,4,2,1,74,4,1,6492393
0,7,2,2,45,3,4,3614995
100,3,2,2,71,2,4,2586098
70,4,2,1,47,4,1,6518546
10,6,3,1,66,3,5,1064965
50,6,2,2,42,4,1,7537350
50,4,3,1,38,4,1,7494841
80,5,2,1,52,3,1,1144322
30,10,1,1,71,4,5,8621897
50,4,3,2,60,2,1,4494134
0,5,3,1,45,3,2,2452750
50,6,2,2,52,2,2,3301136
50,6,2,1,58,4,1,4371715
50,4,3,1,36,4,2,1099702
50,9,2,2,44,2,1,6563908
0,8,2,2,41,4,4,9360361
50,9,2,1,50,3,1,11004807
50,9,3,2,51,3,4,9639186
0,6,2,2,70,4,5,16965443
0,11,1,1,38,4,1,9625381
40,7,3,2,40,3,4,13000892
0,6,2,2,75,2,4,3604188
0,6,2,1,74,2,4,3559702
0,6,4,2,53,4,4,7592133
0,7,2,1,46,3,1,4732070
50,5,3,1,56,4,1,3487235
10,8,1,1,70,2,5,7520903
0,10,2,1,55,3,1,7271803
45,5,2,1,56,2,1,6333416
50,4,2,2,67,2,4,3532991
20,6,4,1,39,4,5,949014
50,9,4,2,39,4,1,3569471
0,8,2,1,43,2,1,3525869
40,6,1,1,48,3,1,3535600
0,6,1,2,63,3,4,2561932
0,6,4,2,32,3,5,2488380
50,6,2,2,52,4,4,10964186
40,9,3,2,63,3,1,3534929
25,4,2,2,28,4,1,7484763
30,5,2,2,61,2,4,1152767
5,8,3,1,43,3,1,13101325
15,7,2,1,29,2,2,3548537
50,4,3,1,35,4,1,6510143
50,6,3,2,53,4,5,4500162
50,5,3,1,38,2,1,4547355
30,4,2,2,27,4,4,2312449
0,9,1,1,73,4,5,7612376
50,6,1,1,52,3,2,918295
20,6,2,1,39,3,1,950590
5,4,4,1,58,4,1,8522464
25,6,4,1,47,4,1,4512630
0,6,2,2,44,1,4,25004575
50,5,2,1,70,4,5,7703545
0,7,2,1,68,2,5,821424
50,6,3,2,58,3,4,7515954
30,10,3,2,74,1,5,4512963
40,5,1,1,63,4,1,12962310
50,8,2,1,60,4,1,4518342
50,6,3,2,32,1,5,3533921
50,6,3,2,53,4,5,2476504
60,4,2,1,61,2,5,1128949
20,8,3,2,70,2,4,2633481
60,6,1,1,62,2,1,4415137
50,6,3,1,54,2,1,4650114
0,11,4,2,49,3,1,2515109
0,5,4,1,36,4,1,9604105
50,8,2,2,64,2,4,4568442
70,8,2,1,53,2,1,4487095
20,5,2,1,70,4,2,1024846
5,6,1,1,56,4,5,2296485
60,9,2,2,66,4,4,4466652
50,6,2,2,47,3,1,9571987
50,6,2,2,70,3,4,8640729
10,9,3,2,55,2,1,3432790
20,9,2,2,75,3,4,3374757
15,8,1,1,62,3,5,1270074
20,7,2,2,33,2,1,2377007
1,6,3,1,36,2,2,2568205
50,6,2,1,46,4,1,9622577
60,3,2,2,64,4,4,10926050
0,8,3,1,69,2,5,1137665
25,6,2,1,52,4,1,1094332
0,8,1,1,68,2,2,7444371
0,3,2,1,35,4,1,11069191
0,10,2,1,71,4,2,3489945
40,6,2,2,35,4,4,8506552
0,6,2,1,45,2,2,6629836
50,1,3,1,42,4,1,3472128
0,6,1,2,60,3,4,4408912
60,6,1,1,62,2,1,8443825
0,4,2,2,47,1,1,1198135
40,6,2,2,51,4,4,9440280
55,10,2,2,47,3,5,6494660
30,8,1,2,72,3,4,3411250
0,6,3,2,58,3,1,1050667
25,7,2,2,37,4,1,9492182
55,6,2,1,43,2,1,6374530
80,3,1,1,49,1,1,2402216
10,4,3,1,57,2,1,13143700
0,6,3,2,42,3,1,7547993
50,9,3,2,56,3,4,8523416
0,10,3,1,68,4,5,2554243
0,5,4,1,44,2,1,6477662
50,6,2,1,47,4,1,8551919
40,7,3,2,51,3,4,975943
80,3,3,1,71,2,5,2419215
20,2,1,2,72,4,4,2643109
40,3,1,2,59,4,1,24982056
20,5,2,2,63,4,4,1041796
10,6,1,2,70,2,4,9766603
75,6,1,1,53,4,1,12771469
50,6,2,2,46,4,2,6383312
50,7,2,2,51,2,4,6523520
10,5,1,2,70,2,4,4410406
60,7,3,2,64,4,4,4475741
100,5,2,2,73,4,5,1066917
20,6,2,2,43,3,1,2507644
20,8,2,1,35,4,1,6520106
50,8,2,2,75,2,4,6512021
40,9,1,1,72,4,5,970509
50,6,3,2,49,3,1,924288
50,7,3,1,54,3,5,895185
75,5,2,2,71,2,4,2632736
0,4,3,1,70,4,5,9548783
70,1,1,1,60,2,1,6396494
0,10,1,2,60,4,6,9445778
0,6,3,2,64,3,4,3650117
0,5,2,1,51,4,1,6437313
50,6,3,2,40,4,1,4552751
20,6,2,2,67,3,4,4474447
0,6,3,2,43,3,4,7631627
10,7,2,2,45,2,4,6614940
0,7,4,2,32,4,1,3308055
50,6,4,2,50,2,2,3513586
100,1,1,1,60,4,4,13022585
0,4,3,1,36,4,1,13061041
25,6,2,2,55,2,1,6520327
50,1,2,2,39,3,4,2588567
0,8,2,2,54,3,4,2453670
70,7,2,1,67,3,5,1028418
50,4,2,1,34,4,1,7477673
60,4,2,1,67,2,5,877289
50,7,2,2,68,3,1,8636128
50,8,4,2,35,3,1,9344910
0,9,1,1,75,4,5,7407466
80,7,2,1,56,3,1,905400
60,7,2,2,64,4,4,2463261
50,5,2,2,30,2,5,3522152
40,7,2,1,29,3,1,4432722
40,3,3,2,48,3,1,9306949
30,6,2,2,55,2,1,2571433
60,8,1,2,74,3,4,7456009
50,7,4,2,54,3,1,7490523
25,8,2,1,58,4,1,9457900
50,4,2,2,62,4,4,4463282
0,3,2,1,29,4,5,9592569
80,4,2,2,70,4,4,6422705
0,8,2,1,47,4,1,3668131
50,8,3,2,51,2,1,8612796
0,9,1,1,65,4,5,10997168
25,4,2,1,40,4,1,6393363
50,6,2,1,70,4,5,4605075
20,5,3,2,56,3,4,2442953
0,6,2,2,67,4,5,1001517
0,6,2,2,65,2,4,10950454
50,7,4,1,35,4,1,7432563
0,6,2,2,66,2,4,961137
0,5,2,1,70,4,5,2510311
50,7,2,1,56,4,2,7466858
100,1,1,2,69,2,4,1159635
80,7,1,2,67,2,4,3464586
30,6,4,2,39,2,1,2607383
50,10,2,1,57,4,1,6431573
50,6,3,2,46,3,2,2560133
25,5,2,2,38,4,1,7551178
50,6,2,1,71,4,2,7532942
20,4,3,2,44,3,1,4594788
50,9,2,1,67,2,5,3343865
30,4,2,1,55,4,2,2323114
50,7,2,2,55,3,1,16915727
40,7,2,1,69,2,5,3437828
75,5,1,2,56,2,4,890418
50,6,3,2,37,4,1,4605652
0,6,2,1,44,3,2,3473858
0,3,3,1,72,4,5,1194165
20,3,1,1,61,2,4,6656032
10,5,3,2,55,2,1,9686567
10,5,3,2,63,3,1,6341765
0,11,4,1,49,2,1,1060339
50,6,2,2,51,3,4,2391712
50,6,3,2,28,4,1,8510068
0,6,3,1,38,4,2,7521059
0,6,3,2,54,4,5,952077
50,5,3,1,36,2,1,2228278
100,6,1,2,56,3,4,9464004
0,6,2,1,68,2,5,2393594
20,7,3,2,68,3,4,11034079
50,6,3,1,64,4,2,4627681
40,6,3,2,71,2,4,8409148
80,6,3,2,64,2,4,1227787
60,4,1,2,50,3,2,6497171
60,6,2,2,53,4,4,16917886
100,9,1,1,47,4,1,7568467
50,6,1,2,70,2,4,3356606
30,8,2,1,56,4,1,9545511
0,6,3,1,59,4,1,13136461
40,6,3,2,50,2,4,4762168
50,5,4,1,26,4,4,9552213
50,8,3,1,45,4,1,10926125
50,6,2,2,51,2,4,2591597
10,5,1,2,63,2,4,2349903
20,7,2,1,37,4,1,6392395
40,6,2,1,54,4,1,4468785
75,5,2,2,60,3,4,6216009
50,5,2,2,60,4,4,3624280
10,6,2,1,50,2,1,1026030
0,2,2,2,50,3,1,2419142
50,6,3,2,67,3,4,9413213
10,8,2,2,43,3,1,6464761
30,6,2,1,38,4,1,6507627
30,6,2,2,43,3,4,3320030
70,7,2,2,61,4,1,6523282
40,11,1,1,66,4,2,7600067
50,8,2,1,44,4,1,7543536
75,6,1,1,39,4,1,6646856
0,6,4,1,47,3,1,7583867
0,11,2,1,43,4,1,10829841
1,10,2,1,65,4,1,2411111
40,7,2,1,63,2,1,846067
80,2,1,1,59,4,1,9486490
50,8,2,2,61,2,4,878738
40,9,2,2,60,4,4,7714303
0,6,2,1,29,4,1,6552753
50,9,3,1,50,4,1,4471555
10,6,1,1,63,2,5,2532684
50,6,3,2,36,4,1,3584591
80,5,1,2,75,3,4,9428103
60,5,2,1,43,2,1,7366255
50,1,2,1,31,4,1,6439455
10,6,3,2,60,2,4,4534845
50,6,2,2,53,2,1,12819760
10,2,2,1,52,4,1,4349037
30,8,3,1,38,4,1,6422838
75,8,2,1,37,4,1,7556043
100,2,1,2,75,2,5,3671722
50,7,3,1,40,2,2,4554625
20,5,2,2,64,4,4,17051849
50,6,2,1,67,4,1,4636100
30,7,2,2,69,3,4,6438377
20,4,2,2,49,4,1,8557918
65,4,3,1,63,4,5,9200115
0,7,2,1,56,4,1,11230404
0,6,2,2,74,2,5,1225892
100,6,2,1,55,4,2,6395143
20,7,2,2,73,2,4,4277493
30,6,2,1,65,2,5,9464793
40,5,1,2,56,4,1,4537704
50,6,2,2,71,3,2,2516102
10,6,3,2,40,2,1,10839746
70,6,2,2,67,2,4,2683038
75,7,1,1,66,2,1,4502407
0,6,2,2,67,3,4,4477084
70,4,3,2,49,3,2,2517178
30,5,2,1,55,2,1,9587244
55,6,3,1,51,4,1,8760235
75,6,2,1,43,4,1,9474783
20,6,4,1,45,2,5,2602480
1,6,2,1,39,3,1,9582413
45,7,1,1,60,4,2,11090889
50,6,3,1,52,1,4,24923226
0,6,2,1,68,1,1,4608906
30,6,2,2,59,4,1,7252268
0,6,2,1,46,4,1,7494319
45,8,1,1,44,4,1,7576921
50,6,2,1,39,3,1,8611865
100,7,3,2,61,3,4,24831213
90,4,2,1,39,4,1,4551643
50,6,2,1,67,4,1,6509385
40,5,2,1,60,4,5,11023385
30,7,3,1,62,2,2,3371688
40,9,2,2,50,3,4,9545896
80,1,1,1,69,4,5,16903344
0,9,2,1,74,2,5,3605848
0,6,2,2,70,3,4,8325407
0,8,1,1,71,4,6,3495016
0,6,3,2,48,4,1,7453251
50,5,2,1,29,4,1,2675638
0,6,2,2,44,3,1,3339127
50,8,3,2,34,3,1,13084002
60,5,2,1,38,4,1,6400568
50,6,2,2,61,2,5,4598168
50,6,3,2,46,4,1,2459079
60,7,2,2,60,2,1,4638350
0,4,2,1,66,3,5,9474330
50,7,4,2,52,2,1,8550449
50,6,2,2,49,2,1,1027862
60,5,2,1,68,2,5,3578194
30,7,2,2,56,2,4,8630549
100,1,1,2,47,3,4,864394
50,6,2,1,64,4,2,4526703
0,6,4,2,42,2,1,2542685
40,3,1,1,68,4,5,4618504
50,8,3,1,70,2,5,4623685
30,8,1,2,72,2,4,4496075
50,6,3,2,47,4,1,9645470
40,6,2,1,70,2,5,2618591
50,8,3,1,62,4,1,11131880
10,5,2,2,45,3,1,8568749
10,7,2,2,52,3,4,4648818
0,7,1,2,70,4,4,6429759
0,8,3,1,42,3,2,1023329
50,5,1,1,48,4,1,6463269
5,7,3,1,64,4,2,10884689
75,4,1,1,71,4,5,7588458
0,9,2,2,70,3,4,2516670
10,6,2,2,34,2,1,6376438
50,5,2,2,71,2,4,6343002
30,6,2,2,52,3,1,4564501
30,8,2,1,56,4,1,8734703
50,8,4,2,29,4,1,4744833
20,5,3,2,54,2,4,4481379
20,8,2,1,34,4,1,9694913
40,6,2,2,50,3,1,886110
20,8,2,1,37,4,1,9577039
0,1,4,1,65,4,6,1087733
10,9,2,2,68,3,4,3638327
10,6,3,2,52,3,5,6441665
25,6,2,1,55,4,1,4492023
40,9,1,1,73,4,2,2624283
75,6,3,1,28,1,6,971061
50,8,2,1,45,3,1,8604850
80,5,2,2,44,3,4,7518307
60,5,3,2,54,4,4,16943606
80,6,3,2,48,2,1,4600295
40,6,3,2,52,3,1,2374143
0,1,4,1,53,3,1,12971100
0,9,1,1,48,4,1,9519845
50,5,2,2,32,4,4,2595838
40,4,3,2,37,4,1,8503734
80,1,2,2,58,3,5,2394235
80,4,1,1,67,4,5,2569904
40,7,3,2,35,4,1,2545493
50,6,2,1,68,4,1,969357
5,8,2,1,36,4,1,1069886
50,6,2,2,57,4,1,13036326
10,10,2,1,53,4,1,25133488
70,3,1,2,75,2,5,938889
0,10,1,2,64,3,4,8528384
40,6,2,2,45,3,4,9571251
50,6,3,2,49,3,2,2392758
0,6,1,2,45,4,1,9429212
75,9,1,1,56,4,1,9497807
50,8,2,2,34,3,1,8621213
40,4,1,2,42,2,4,11003281
40,5,2,1,52,4,1,3454021
50,9,2,1,46,4,1,4437808
20,6,4,2,36,4,1,4229428
0,8,3,1,32,2,1,9527152
0,8,2,1,36,3,1,3413984
70,7,1,1,54,4,1,10910509
10,6,2,1,52,4,1,8432931
0,6,4,2,30,3,5,3374880
30,3,3,1,25,3,1,3599768
10,7,2,1,33,2,1,6417694
0,10,1,1,67,4,5,2594403
50,6,3,1,36,4,5,877590
100,6,2,2,73,2,4,2457181
60,7,2,2,56,2,4,4524834
75,9,1,1,65,4,1,7457027
90,5,1,2,72,4,4,4540290
0,9,3,2,73,2,1,2525330
10,5,3,2,70,2,4,9341916
50,6,3,2,39,4,4,8526946
0,3,1,1,70,4,2,3586700
20,5,2,2,64,2,1,2522050
10,9,1,1,73,4,5,2609616
40,6,3,2,29,4,1,9550118
50,3,2,2,50,3,2,6500322
25,6,4,1,38,4,1,8577518
20,5,2,1,50,4,2,989468
20,6,2,1,70,1,6,9489017
50,7,2,2,57,2,4,8387924
20,6,3,2,61,2,1,3280343
70,5,3,1,54,4,1,4547965
10,6,2,1,41,2,2,4415134
50,6,3,2,47,4,1,6492171
1,3,3,2,52,3,4,10979493
50,6,3,1,45,4,1,1045825
25,7,2,1,50,4,1,8561833
50,6,2,2,42,3,1,7457851
50,8,1,2,74,2,4,2519446
0,6,3,1,53,3,1,6390421
0,6,2,2,40,3,5,2511002
30,7,3,2,60,2,4,3553272
60,8,2,1,75,4,5,4516495
50,6,3,2,51,3,5,936076
50,6,2,1,64,1,5,3589078
75,5,2,2,70,4,4,2536291
0,5,2,2,61,4,4,11101520
10,5,3,2,54,2,1,3443098
50,6,4,2,41,2,1,1109444
0,8,1,1,40,3,1,8523890
0,11,1,1,51,2,1,4531334
50,6,4,1,31,4,1,7544454
100,3,2,1,45,4,1,2368722
60,6,3,2,52,3,4,17044684
0,6,2,2,71,2,4,7368269
40,4,2,2,56,2,1,3365671
50,8,2,2,59,2,1,8440356
20,5,1,1,46,4,1,9433005
75,6,2,1,43,4,1,8575504
20,7,2,2,44,4,1,17093155
70,7,1,1,57,4,2,3704668
30,7,3,2,48,3,1,8371776
0,5,2,2,34,4,4,9455812
0,6,4,2,55,1,4,918278
50,7,2,2,49,4,2,3549753
52,7,2,1,53,2,1,9564023
45,6,2,2,42,4,1,3345246
60,6,1,2,65,3,5,3478195
100,1,1,1,67,4,1,7645749
30,7,3,2,62,2,4,7356827
40,11,2,1,51,4,1,8566054
25,6,3,1,48,2,1,9504384
50,5,3,1,23,4,1,9631677
25,6,2,2,56,4,1,8688560
60,3,2,1,52,2,1,17106019
0,6,3,1,66,4,5,4688648
0,9,1,1,57,3,1,16882377
10,7,2,2,66,2,4,6489461
55,5,2,2,58,4,1,8461752
100,1,1,1,75,4,5,6582639
30,7,3,2,63,2,1,6429458
50,3,3,2,47,2,1,11068644
75,6,2,2,70,2,4,3489850
25,6,3,2,31,4,4,9444794
30,9,2,1,68,2,2,9382222
15,6,2,1,70,2,5,2611287
0,11,1,1,36,4,1,8371782
20,7,4,1,46,4,5,1031935
20,10,2,1,73,4,5,2325293
0,8,2,1,37,2,1,6442991
10,10,2,1,40,4,1,7578391
10,7,2,1,45,4,1,8607535
1,6,2,1,28,4,2,24850897
45,6,2,1,54,3,2,7491719
50,6,2,2,42,4,1,9419694
30,8,3,1,56,2,1,6383535
50,6,3,2,59,2,5,877880
50,6,2,2,38,3,1,4439074
0,6,4,2,47,2,4,943747
60,5,2,1,44,2,1,4543426
45,3,1,2,52,2,1,7537357
50,8,2,1,36,4,1,6640766
0,9,1,1,52,4,2,3548403
20,6,1,1,50,4,5,1077788
50,4,2,2,38,4,1,7397869
25,4,2,2,47,2,1,9758298
50,6,3,2,61,3,4,1013192
50,7,3,2,60,2,4,4527652
0,8,2,1,71,4,5,6412042
0,9,3,2,51,3,1,17105003
70,8,1,1,71,2,5,4475091
60,6,2,2,62,2,5,3639872
80,5,2,1,58,2,2,2559222
60,5,2,1,51,4,1,9477762
20,3,3,2,60,2,1,3519383
0,10,1,2,49,4,2,7537944
30,7,3,1,44,3,5,2601646
80,3,1,1,56,4,1,13204211
10,9,1,2,69,4,4,2567077
50,3,2,2,70,4,4,7578822
50,6,2,1,57,4,1,9640993
10,9,1,1,67,2,2,4633235
70,4,2,1,33,4,1,3374869
70,2,1,1,38,4,2,10960486
0,5,2,2,69,2,5,6404500
40,6,1,2,69,3,4,3359517
40,6,1,2,75,2,4,2461087
51,7,2,1,42,4,1,8460728
10,5,1,1,56,2,1,3637149
0,6,1,1,55,2,1,11043898
40,6,3,2,35,2,1,4548106
50,9,2,1,61,4,1,3523092
10,8,1,1,56,4,1,4454923
50,6,3,2,61,3,1,10983200
20,7,2,2,62,4,2,3371305
0,5,1,1,45,4,1,11006934
60,5,3,1,61,2,1,6562290
80,3,1,1,67,2,5,3482083
0,6,2,1,62,3,2,2643136
80,11,2,1,40,3,1,4709348
30,7,3,2,60,4,2,24933134
0,4,1,1,68,3,5,4722385
0,5,3,1,31,4,2,8540692
20,7,2,1,61,4,1,9493597
50,6,2,1,44,2,1,9560462
50,7,2,1,50,4,1,10919080
50,5,2,1,56,4,1,6626655
40,6,1,1,59,4,5,7408285
40,7,3,2,49,2,1,3571806
50,7,4,2,41,2,4,3446485
25,3,1,1,35,4,1,4489521
60,5,1,2,63,4,4,7442911
10,6,3,1,55,4,1,7580310
30,4,1,1,69,2,5,3441381
50,6,3,2,61,4,1,4520359
0,11,1,2,60,2,4,4548985
0,6,2,2,70,3,4,976091
30,6,2,2,29,3,1,9561040
0,2,3,2,27,3,1,3639411
0,9,2,1,73,2,5,7490422
40,5,2,2,50,2,5,2460172
0,9,2,2,74,2,5,3435318
0,7,2,2,26,2,1,9602977
0,5,3,1,52,2,1,1119416
30,8,3,1,62,2,5,1035868
50,6,3,1,38,4,2,4457946
40,7,2,2,56,3,4,9353396
50,6,1,1,56,4,1,9343018
80,7,2,2,74,4,2,7563259
70,10,2,2,47,4,1,9360221
60,7,2,1,46,4,1,13010290
40,6,2,1,39,2,1,4492415
45,5,2,2,63,3,5,1073393
50,7,3,1,37,4,2,8653433
10,5,3,2,70,3,5,1045085
50,9,2,2,63,3,4,2308992
50,6,2,2,47,3,4,9406421
49,6,3,1,43,2,1,7354902
95,4,2,1,68,4,5,2467372
30,6,1,2,72,2,4,13058835
0,6,3,1,40,4,1,8389953
20,8,2,1,38,4,1,3450706
55,9,2,1,29,4,1,3560139
30,3,2,1,39,4,1,6483398
50,6,3,2,54,2,4,9450778
50,6,2,1,37,3,1,9505119
20,8,3,1,43,3,1,945376
10,4,2,2,37,4,1,4301410
35,7,2,2,57,2,4,13000086
90,5,1,1,65,4,5,9616697
50,6,3,2,66,3,4,3598511
70,6,2,1,70,4,5,2626010
0,6,2,2,57,4,1,17072710
25,11,2,1,74,2,1,9666571
0,4,3,2,56,3,5,3750492
100,7,2,2,72,3,4,4426927
40,6,1,1,70,4,5,2296837
40,6,4,2,43,3,1,7558772
50,5,1,1,66,2,5,4628822
50,11,3,2,35,3,4,3691018
0,6,3,2,50,4,1,11089440
0,9,2,2,43,2,5,969974
1,4,3,2,55,4,4,1071462
80,11,1,1,57,4,2,7393967
0,11,2,1,61,4,2,7568516
50,10,2,2,64,4,1,6749548
40,6,3,2,46,3,4,4512590
30,8,1,2,60,2,4,7505297
80,5,1,1,44,4,1,9398873
0,9,2,1,74,2,5,4382522
15,6,3,1,58,2,5,1167002
50,6,2,1,66,2,5,4370413
0,5,2,2,30,3,1,1066215
30,9,2,1,28,4,1,6501728
50,6,3,1,59,1,1,3612322
60,4,2,1,68,4,5,4281729
50,6,3,2,36,4,1,9323905
5,2,2,1,49,4,1,9529897
0,10,1,1,31,2,1,3359711
30,6,3,1,54,4,2,3518386
0,8,2,1,46,2,1,11023217
10,7,2,1,70,2,5,11107383
60,6,2,1,45,4,1,6719266
30,6,2,2,38,3,4,6476794
0,6,2,1,56,2,1,10922470
100,6,1,2,67,1,4,3408780
80,4,1,1,46,4,1,7427601
50,7,3,1,46,4,1,12989388
20,6,2,1,65,4,1,4450546
0,5,1,1,54,4,1,9497353
60,7,2,2,51,2,1,3484351
50,6,1,1,59,4,2,8334896
20,6,3,2,44,3,5,8383725
50,6,1,2,70,4,2,16947731
60,6,2,1,53,4,1,16928833
50,10,3,2,72,3,6,7512233
80,8,1,1,60,3,2,3493147
50,11,3,1,53,4,5,963285
0,9,1,1,63,4,5,3524536
35,7,2,1,53,4,2,3542739
50,5,3,2,32,4,1,9497639
45,8,1,1,71,4,5,3323540
20,9,2,2,65,3,4,4289389
0,6,4,1,52,4,2,4565016
50,7,2,2,68,2,6,25050729
55,4,2,2,56,4,4,8534763
50,8,2,1,56,4,1,9545659
50,6,3,2,69,2,4,866755
5,8,2,1,40,4,1,8455057
70,3,2,2,74,3,4,7269887
50,5,2,1,49,4,1,8316204
0,3,3,2,69,4,4,2427117
10,7,2,1,39,3,1,4280868
80,10,1,1,57,4,5,2621286
70,1,2,1,62,2,5,3325312
30,6,2,1,71,4,5,9551030
0,8,1,2,58,3,4,1108175
50,6,2,2,73,2,4,3524888
50,7,3,1,45,4,1,3429838
0,5,1,1,62,4,1,13067784
0,2,2,1,50,2,1,9526369
0,8,2,1,63,4,1,6498127
0,6,4,2,62,2,1,2594033
30,10,1,1,75,3,6,4475636
20,5,2,1,56,2,1,8575661
50,8,2,2,53,4,2,16910106
20,4,1,1,66,4,1,8459020
90,2,1,1,68,4,2,3501180
50,9,3,1,37,2,2,9451392
10,7,2,1,49,4,2,943561
75,6,3,2,61,3,5,7610399
0,5,4,1,28,2,1,17007378
25,6,2,2,65,3,4,1059925
75,5,3,2,45,4,1,8349098
35,7,2,1,67,2,6,4608492
0,6,3,1,60,2,1,1096953
70,6,1,2,67,4,4,6613810
50,4,2,1,63,2,6,8501543
50,6,1,1,53,4,1,9536231
30,8,4,2,30,4,1,24987437
70,6,2,1,46,4,1,3528638
20,5,1,2,72,2,5,973228
40,6,3,2,55,3,1,4423484
50,6,2,1,72,2,1,1016034
50,6,2,2,67,2,2,11032750
25,4,1,2,27,4,1,11082499
10,8,3,1,36,4,1,7576430
50,5,2,2,48,4,4,7515850
100,1,1,1,49,2,6,1119322
50,7,3,2,36,4,1,3439480
20,7,1,2,70,3,4,6509041
60,5,2,1,57,2,2,2578422
50,7,2,2,67,2,5,2623224
50,8,2,2,70,2,4,3546426
0,9,3,2,35,3,1,7501665
0,5,2,1,24,4,3,11037825
50,6,2,2,38,4,2,4553259
50,8,4,2,52,2,4,4688216
0,11,2,1,65,3,5,2317868
10,8,2,1,75,4,5,3423694
0,6,2,1,43,3,2,784683
75,6,3,2,69,2,6,1077991
50,6,2,1,60,4,1,954204
0,3,3,1,34,4,1,24905909
25,9,2,1,69,4,5,6463391
50,6,2,2,57,4,4,3566563
10,10,2,1,63,2,1,4322787
30,11,2,1,52,4,1,10906490
0,7,1,1,65,4,2,24738441
50,5,2,2,30,3,1,4381339
60,9,2,1,52,4,1,7553153
40,11,2,1,52,2,1,8595283
46,7,1,2,61,4,4,25021047
20,4,2,1,41,4,1,4475186
25,8,3,1,28,4,1,3407084
20,9,1,2,74,4,4,7530731
50,4,2,2,53,3,2,2509734
20,4,3,1,29,4,1,4465001
0,6,2,1,40,3,1,2384910
0,4,2,2,36,4,1,2491344
0,4,2,2,57,2,1,3494921
90,3,2,1,52,4,1,16959650
50,6,2,2,42,2,1,10933253
50,9,2,2,49,4,1,2538394
0,9,4,1,57,3,5,2549476
0,7,4,1,23,2,3,24827149
40,7,2,2,54,2,1,3459842
10,4,2,2,67,2,4,2552639
50,6,1,1,56,2,1,8324894
30,6,2,2,64,3,4,3340060
50,8,3,2,55,3,4,8594288
0,3,1,1,61,2,2,2534947
50,9,3,2,42,2,4,2538890
50,7,3,2,59,3,4,24998379
0,6,3,2,48,3,1,6409014
40,9,3,2,31,3,1,4341941
0,5,3,1,55,3,1,9507195
0,6,2,2,71,2,4,3487972
100,2,2,1,67,2,5,3311954
0,6,2,1,46,4,1,9558705
1,7,1,2,61,3,4,7591705
50,6,3,1,48,2,1,6383998
50,6,4,2,33,2,5,972931
30,7,3,2,68,3,4,4618200
50,5,2,1,62,4,1,9397847
60,5,2,1,38,2,1,9602629
10,9,3,2,43,3,5,3607313
0,6,3,2,53,2,4,6448455
70,3,2,1,64,2,5,2574400
0,6,2,2,60,2,4,8361751
80,4,1,1,68,4,5,3379026
50,4,1,1,47,4,1,7518673
0,11,1,1,50,3,2,3480291
0,3,2,2,36,4,1,11025721
50,10,4,1,39,4,1,2698908
50,7,2,2,70,2,4,9387021
50,6,2,1,42,4,5,24906744
37,7,3,1,60,4,1,11048546
10,7,3,1,29,4,1,7443886
0,8,2,1,71,4,5,3511250
75,4,2,1,60,4,1,3540664
30,7,2,2,65,2,4,2577124
0,6,2,2,57,4,4,12865080
50,8,2,1,44,3,1,6434033
10,4,2,2,52,3,1,8515585
30,7,2,1,49,4,1,6449584
50,2,1,1,70,4,5,7413764
0,8,2,2,36,4,4,9482096
0,6,2,2,52,2,1,11027198
0,6,2,1,40,4,1,6421636
60,5,3,2,65,4,4,12974609
50,8,3,2,31,4,4,4659022
55,7,2,2,58,4,4,12987837
50,6,2,1,57,4,1,9304709
70,7,3,2,44,2,1,3390865
50,1,1,1,31,4,1,4586360
0,7,1,1,67,4,1,7522442
90,5,2,2,69,2,4,3496663
50,7,3,2,55,2,5,1009213
15,1,2,2,58,3,2,7543342
30,6,3,2,67,2,4,4536794
25,5,2,1,28,4,1,10930805
60,6,1,1,67,2,5,10924347
50,5,4,1,30,4,1,972223
60,4,2,1,63,4,5,13199457
0,11,1,2,68,4,2,6508459
50,8,2,2,51,4,6,8422987
5,6,2,1,70,4,5,9451953
50,5,2,2,30,4,1,10997302
50,8,1,1,70,4,5,2353765
40,8,2,2,51,2,5,1214170
0,9,2,2,74,3,5,3364113
50,8,2,1,73,4,1,7548473
30,5,2,1,75,4,5,9636961
50,9,1,1,51,4,6,17067131
10,8,2,1,54,4,1,9434888
50,10,1,2,33,3,1,3337081
0,8,3,1,42,4,1,16939157
30,8,3,2,34,4,1,4498817
50,8,2,1,73,4,5,6470378
5,6,3,2,74,3,5,3487231
10,10,1,2,74,3,4,4499348
50,8,3,1,34,4,1,7521344
50,6,2,1,54,3,1,7526347
75,3,1,1,62,4,4,2652472
50,5,3,2,46,3,1,8372827
90,1,2,2,63,4,5,3422441
40,6,2,1,60,4,1,6482715
80,3,2,1,67,4,5,3453477
50,7,2,2,64,2,4,8450443
25,6,1,2,59,4,4,6476053
20,5,2,1,31,2,1,2697315
0,9,2,1,56,4,1,4404774
0,5,3,1,28,2,1,3367593
30,8,3,1,59,4,1,7398897
40,5,3,2,61,3,4,9592997
50,6,2,2,50,3,1,4469440
100,1,1,1,71,2,5,927436
40,6,4,2,58,2,1,2431768
50,4,2,2,39,4,1,8469494
50,3,2,2,69,4,5,4478423
5,6,2,1,52,4,1,9498589
60,3,2,1,48,4,5,6523698
5,6,2,1,27,4,1,4490893
0,9,1,1,47,4,1,9547457
50,6,2,2,63,4,4,2566577
50,4,2,1,27,4,2,4335284
40,8,2,1,41,4,1,9558010
5,4,1,2,32,4,2,6456268
1,5,2,2,73,2,4,3491027
30,6,2,1,72,3,1,7578408
0,4,2,1,42,4,1,2303005
50,7,3,1,43,3,1,16974479
0,6,3,1,50,4,1,6491459
30,10,2,1,73,4,5,3471899
0,9,2,2,74,2,4,3331360
30,4,2,2,71,2,4,4463532
60,5,1,1,41,4,1,10958710
50,5,2,1,39,4,1,8476376
0,6,3,2,59,4,4,11023111
0,8,2,1,61,4,1,9447250
50,6,2,1,46,2,1,6437073
70,4,2,1,58,4,1,6484512
20,5,4,2,52,2,4,8544612
80,6,2,1,68,3,5,2544843
50,8,2,2,66,2,1,4527125
5,9,2,1,49,3,5,4435737
10,6,2,1,55,2,1,3566495
50,6,2,2,70,4,2,2579832
75,6,2,1,60,2,1,3665651
50,6,2,2,71,2,4,11174557
0,9,1,1,39,4,1,9675858
0,7,3,2,36,4,4,889863
30,6,2,2,63,4,4,3459236
20,5,3,2,25,2,1,7471083
0,10,1,1,70,4,1,6607200
100,5,2,2,73,3,4,2537855
50,6,4,2,60,4,1,8549357
30,7,2,1,61,4,1,9412160
30,4,2,1,62,2,1,6302759
5,6,3,1,66,2,2,2418656
0,4,2,2,59,4,1,4522785
50,6,3,2,28,3,1,2418398
5,5,1,1,68,2,5,2461898
50,6,3,1,46,4,1,2508671
50,6,3,2,39,4,1,24996388
50,5,4,2,38,4,4,7454532
5,8,2,2,63,2,4,6585001
55,6,3,2,46,4,2,4414873
50,6,3,2,44,3,1,3605225
60,4,3,1,33,2,1,4515066
50,6,4,2,69,2,4,2457372
50,7,3,1,29,4,1,3587150
70,9,2,1,37,4,1,6296620
50,8,3,2,40,4,1,7411198
80,6,2,2,27,4,3,943643
50,7,3,2,63,3,2,4684433
25,10,2,1,68,4,5,2484837
10,8,1,1,57,4,1,12854838
50,6,2,1,49,3,2,4451891
60,7,3,2,61,3,4,3372689
60,8,2,1,73,4,5,3372694
0,6,2,1,51,2,2,9722063
80,6,1,2,64,4,1,7300121
30,6,2,2,62,3,1,2351817
20,6,2,2,50,2,1,6676015
75,6,3,1,49,4,1,4572456
80,4,2,2,65,3,1,4393085
10,7,2,2,53,3,4,9604561
0,7,2,2,37,3,2,6456950
50,6,3,2,36,2,1,3358834
40,9,3,2,25,3,1,2493512
75,1,1,1,61,4,6,6599807
30,7,3,1,69,4,5,2556636
80,4,1,2,67,2,4,2536198
30,8,2,1,36,4,1,6425261
40,8,3,2,59,2,4,882151
50,6,4,2,39,2,2,1085945
30,8,3,2,39,2,1,2571017
0,6,2,1,71,3,5,3511035
25,5,2,2,46,2,1,886292
45,7,3,1,36,4,1,6410278
40,6,2,2,51,2,1,3602408
90,3,1,2,62,3,1,3548496
0,9,1,1,57,4,1,9738864
20,5,2,2,70,2,4,1020122
10,5,2,2,68,2,5,3545889
10,4,3,2,34,3,1,1179549
80,9,2,1,67,2,5,2445249
20,7,2,2,56,3,1,8275033
25,9,1,1,59,4,1,10754931
0,11,2,2,70,3,5,3445980
10,7,3,1,53,4,1,9366137
60,7,2,2,34,4,1,10956444
10,6,2,2,29,2,1,1053682
10,10,1,2,27,4,1,13071710
30,8,2,1,37,4,1,7362070
20,6,4,2,41,4,4,7517420
20,8,1,1,58,4,5,2537823
30,5,3,1,38,2,2,12982944
0,8,3,2,25,4,1,3477600
50,9,2,2,67,4,4,25015650
50,5,3,2,54,3,1,7504571
0,8,3,2,36,4,1,776313
70,6,4,1,52,4,1,6490657
50,4,3,2,66,4,1,869128
75,9,2,1,54,3,1,7300868
0,11,4,2,33,4,1,10903071
65,6,2,1,66,4,5,2502796
40,5,2,1,67,2,5,2366688
50,6,2,1,39,4,1,24944220
20,11,2,1,74,2,2,3377602
45,6,2,2,37,4,4,2382195
55,6,2,2,40,4,1,12961658
10,6,3,1,39,4,5,1047532
30,6,2,2,63,2,4,6451632
50,6,4,2,33,4,1,4452382
0,6,1,1,52,4,1,6432674
0,4,3,2,48,3,1,9358631
50,4,2,1,74,4,5,3400868
25,6,4,2,52,3,4,9530197
70,4,1,2,63,4,4,7622454
55,5,2,1,34,4,1,11176078
10,6,3,1,56,4,2,1136577
45,6,2,2,38,2,4,4464089
0,6,2,2,64,3,5,9543256
10,6,2,1,49,4,1,8384711
1,9,1,1,52,4,1,8659009
0,11,3,2,35,4,4,13022391
40,8,2,2,35,3,4,9513902
10,6,2,1,38,3,1,2554231
55,5,2,2,54,3,1,7605836
20,9,2,1,59,3,1,9531654
10,9,2,1,68,2,5,2526102
10,6,2,2,60,3,4,9479776
55,8,3,2,52,4,4,9391554
0,8,2,1,28,4,1,6357856
50,6,4,2,38,4,1,2322657
50,6,3,1,52,3,2,6549699
40,5,3,1,74,4,5,3579343
5,7,2,2,64,2,1,4466479
0,7,3,1,32,4,5,2534218
30,7,2,2,75,4,5,13098404
0,8,1,1,60,3,6,11111683
0,11,2,1,53,4,5,1036333
0,6,3,2,44,3,4,2571917
50,1,1,1,54,4,5,1082882
0,4,3,1,36,2,1,7488530
10,4,2,1,38,4,1,11091939
10,8,1,1,58,4,5,3444248
100,4,2,1,71,4,5,2578741
25,9,3,1,68,2,1,4528695
0,7,2,1,50,2,1,6581176
50,6,2,2,70,2,4,9492203
50,8,2,2,56,3,4,10757689
50,6,2,1,73,4,2,2630841
50,5,2,1,46,4,1,4486537
25,8,3,2,74,4,4,2422152
50,6,2,1,66,4,2,2338675
2,1,1,1,30,4,2,2368650
0,11,3,2,63,2,4,995233
60,8,2,1,45,4,1,8535075
2,5,2,2,34,3,4,4443436
50,11,2,2,29,4,4,1010937
0,1,1,1,58,3,2,2259312
50,7,2,2,51,2,1,4448402
0,11,1,1,30,4,1,4579962
10,6,2,2,74,2,4,3635797
50,5,3,2,61,4,4,9517969
0,6,2,2,41,3,1,2547341
0,5,2,2,58,2,1,7520479
50,6,3,2,61,3,1,8539116
50,6,4,2,39,2,6,8546959
35,8,2,2,67,3,4,7507742
10,8,2,2,66,2,5,2514425
25,5,2,1,37,4,1,6437398
20,6,3,2,52,2,1,3419422
30,4,3,1,47,3,1,6502286
25,8,2,1,60,4,5,7431131
70,6,2,1,45,2,1,4541678
50,6,4,1,20,2,3,1019326
50,8,2,1,40,4,1,8673215
20,6,3,2,69,2,5,3541765
35,5,2,1,50,2,1,8516466
0,6,3,2,54,2,1,4364653
60,5,2,2,70,4,2,3369726
30,6,2,1,27,3,5,3628389
48,8,2,1,41,4,1,10842957
40,8,2,1,70,4,1,4658859
50,6,4,2,35,4,1,7613195
60,9,3,2,40,3,1,4289567
0,1,1,1,56,4,1,8515694
60,6,2,1,52,3,1,8568384
80,3,2,1,67,2,5,6365798
10,10,4,1,28,4,5,3462120
40,6,3,2,65,3,4,3457040
0,6,2,1,48,3,1,3574625
44,5,2,1,54,2,1,6616182
80,6,2,1,68,4,5,3412273
0,2,2,1,59,4,1,7406540
70,7,2,2,70,2,4,6494699
25,8,2,1,71,2,5,3443835
20,3,1,2,68,3,5,2495773
50,6,2,2,73,2,4,4669513
30,4,3,2,32,3,5,3389560
0,10,2,2,45,3,4,24997684
30,6,2,1,41,4,1,7703862
50,6,1,2,70,2,1,4482950
50,4,2,2,55,4,1,9431468
60,5,2,2,75,2,4,920678
10,6,2,2,39,3,1,2449238
20,8,2,1,50,4,1,3345368
0,5,3,2,43,3,1,3609157
30,4,3,1,40,3,1,7589645
3,8,2,2,60,4,4,2572805
60,7,2,1,45,2,1,4618250
10,3,2,2,46,4,1,4432853
5,10,1,1,26,4,1,2477132
40,4,2,2,37,3,1,6557291
40,8,2,2,75,3,4,4422854
50,4,2,1,29,4,1,3502730
0,7,4,2,49,4,1,3561121
30,9,2,2,46,4,1,9376688
60,4,2,1,43,2,1,3556063
50,6,2,2,63,2,5,1125040
50,5,1,2,65,2,4,11030424
10,8,3,2,34,3,4,9560559
40,4,2,1,66,2,5,6416646
50,6,2,1,62,2,5,10905132
0,9,2,2,60,3,1,7529481
0,5,2,2,46,3,5,3462674
10,8,2,2,48,4,1,9436940
20,5,3,1,32,2,1,1179287
60,7,2,1,54,4,1,13102127
50,4,2,2,32,4,5,950304
50,6,2,2,61,4,4,9645200
70,6,1,2,56,3,4,12902537
0,7,2,1,66,2,5,2481926
70,6,2,2,61,4,6,1074668
60,7,2,1,69,2,5,2385042
50,4,1,1,68,4,5,2346591
50,7,2,1,69,4,5,2524590
100,3,1,2,70,2,5,3453956
60,6,1,2,54,4,6,25286751
50,4,3,1,65,3,5,1141063
20,7,2,1,73,2,5,3506402
50,6,4,2,43,4,4,7467866
50,5,2,1,27,4,1,3636737
80,6,3,2,71,2,4,2529407
100,10,1,1,46,2,1,3598376
75,9,2,1,63,4,1,9435474
0,9,2,1,72,4,2,8579532
0,6,3,2,34,1,5,1048923
5,7,3,2,45,2,1,3461944
50,4,2,2,66,3,4,2468462
0,8,2,2,72,3,4,6517815
0,6,1,1,38,4,1,7470388
0,1,4,2,31,4,5,943751
50,6,2,2,65,4,2,11007113
50,8,2,1,30,4,1,4435475
20,10,2,1,39,4,1,13153622
20,6,1,1,68,4,2,1059116
0,9,1,1,69,3,5,3539765
50,7,1,1,58,4,2,9541737
0,6,3,2,32,2,4,2625110
50,6,3,2,47,2,1,7474870
10,8,2,2,64,4,4,8500536
10,11,3,1,62,2,2,8500874
75,2,1,1,71,4,2,3546527
50,4,2,1,55,2,5,1001391
50,7,4,2,26,3,2,8549081
50,6,1,1,55,4,1,8397907
75,8,1,1,68,4,5,2674883
0,8,2,1,45,4,1,7474947
0,7,3,2,33,3,4,4565470
10,8,3,1,58,4,2,6574313
0,6,3,2,27,4,1,2465407
0,6,4,2,43,2,1,6439760
50,6,3,2,53,3,1,2488974
50,6,3,1,29,2,1,3451801
70,8,2,2,67,4,4,4548849
30,7,2,2,62,3,4,2348341
70,4,2,2,65,3,4,8569188
0,9,2,1,42,4,1,4453003
55,7,3,2,42,3,1,2643146
50,6,3,1,56,4,1,1111886
50,4,2,1,49,4,1,9476018
0,7,4,1,27,4,5,6416333
0,11,1,1,67,4,2,9486153
30,3,2,1,55,3,1,8618527
10,8,1,1,70,4,5,3434115
60,7,2,1,60,4,1,13010182
100,4,2,1,72,4,5,4293308
50,6,4,2,31,3,4,3502386
50,8,2,2,40,2,5,1113658
20,8,3,2,37,4,1,8472966
50,8,1,1,71,4,5,2794250
50,8,2,2,41,3,4,10853496
48,6,2,2,75,4,1,7584498
0,6,2,1,28,3,1,3459141
40,3,2,1,51,4,1,16997390
0,5,4,2,25,2,2,2570254
0,6,2,1,40,4,1,9400659
50,6,2,1,70,4,5,3524979
100,5,2,2,63,2,5,1083774
100,4,1,2,70,4,4,4418570
30,5,4,2,32,4,1,10801491
50,7,1,2,41,4,1,6391905
50,6,2,2,69,2,1,8743496
50,8,2,2,60,3,1,7538536
10,9,3,1,71,2,5,3509847
0,6,4,1,63,2,2,7537258
50,7,2,1,61,4,1,12991681
70,4,2,2,50,3,5,1139701
40,8,2,2,49,2,1,3706967
0,8,1,1,53,2,1,3507513
80,8,2,1,58,4,5,3463740
50,6,3,2,61,3,1,8482216
60,4,1,1,43,4,1,2504447
50,6,3,2,36,4,1,9397390
20,6,3,1,39,4,1,17028557
50,4,2,1,61,4,1,16960581
70,4,1,1,71,4,5,8578927
20,6,3,2,38,2,4,7636186
60,6,2,2,29,4,1,7633209
50,6,3,1,52,4,1,9361081
0,7,3,2,44,2,4,3342077
80,6,2,2,58,3,4,9628094
50,6,2,2,60,4,4,9320880
10,10,2,2,35,3,1,3699464
50,5,2,1,57,2,1,4319783
40,9,2,2,67,3,4,8477880
0,4,2,1,64,2,6,9748909
50,8,2,2,23,4,1,9512594
50,6,2,2,46,3,4,17021687
40,7,2,1,71,2,5,3428373
60,7,1,2,72,4,4,3448420
0,6,2,1,63,2,5,1024082
50,10,2,2,55,4,6,8692373
50,6,3,1,24,2,1,2484037
50,7,2,1,58,2,1,8557192
40,8,2,1,35,3,2,12853476
80,5,1,2,62,3,1,3485895
10,7,2,1,55,2,1,9513093
0,6,2,1,45,4,1,12952420
0,8,1,1,69,4,1,3380425
50,6,1,1,44,2,5,2576060
0,6,2,1,52,3,4,9382982
25,6,3,2,54,3,1,11049433
70,8,1,1,63,4,1,6605782
40,7,2,1,70,4,5,4437501
20,7,2,2,39,4,1,3424750
50,6,4,2,30,3,1,7462221
55,8,2,1,62,2,1,1062185
50,6,3,2,35,4,1,3374980
0,11,1,1,69,4,5,883662
10,6,2,1,66,4,5,2421672
50,8,2,1,66,4,5,2623576
5,10,4,1,42,2,1,3387768
50,6,1,1,67,3,5,885312
70,6,2,1,66,4,5,8700023
40,6,1,2,71,4,4,2438673
90,6,2,1,54,4,1,8513968
50,8,2,1,67,4,1,7618078
50,8,3,2,66,3,2,3472543
50,6,2,1,49,2,1,2539918
0,4,2,2,54,3,1,4437597
10,6,3,2,69,4,5,6491230
40,6,2,2,68,3,1,990618
50,9,3,2,53,3,1,9459995
75,6,1,1,64,2,5,976750
70,3,2,1,70,4,5,3612331
0,9,3,2,36,3,1,981191
0,6,4,2,26,2,4,4608941
50,6,3,2,36,3,5,2352612
10,2,2,1,72,2,5,3483297
50,6,3,1,33,3,5,1009790
40,7,2,2,34,4,4,7428400
60,5,1,2,67,4,4,8783652
50,6,3,1,46,2,1,1001224
50,7,3,1,43,2,5,1004871
25,6,2,2,73,2,5,2516912
0,11,3,1,31,4,1,3316117
25,6,4,2,33,3,4,2588014
25,6,2,2,34,4,1,7439980
50,8,1,1,70,2,5,4517153
30,6,1,1,63,4,1,6674779
50,6,3,2,71,3,6,2597517
0,6,3,1,43,3,1,9547793
30,6,3,1,31,3,1,13065673
0,10,1,2,69,2,5,974891
0,6,3,2,63,2,1,12995425
50,6,3,2,67,2,5,1015423
15,6,3,2,35,4,1,3361635
30,9,1,1,27,2,1,994075
60,5,2,2,58,3,1,8196557
50,4,2,2,35,2,5,3575155
10,9,2,2,43,2,1,4345056
60,6,2,2,55,3,4,16971730
5,3,2,2,59,4,2,4484982
90,6,1,2,62,3,2,4565787
50,6,2,2,52,3,1,4503799
0,11,1,1,31,2,5,11058129
50,8,4,1,40,4,1,8685214
10,8,2,2,35,3,5,974816
80,4,1,1,74,4,5,3533860
60,7,1,1,69,4,1,9614651
60,8,2,1,63,2,5,2506734
90,6,1,2,73,4,5,3454461
5,7,3,2,44,3,4,7631032
0,6,3,2,43,3,1,7479171
10,9,1,2,63,4,1,2373665
30,6,2,1,42,4,1,6515284
100,8,3,1,56,2,1,6522433
0,1,4,2,66,4,5,2351895
50,7,4,2,50,2,4,7593120
25,7,3,2,40,3,1,8564450
30,6,4,2,27,4,1,8337106
70,3,2,2,69,2,5,3622524
50,5,1,1,70,4,5,11099481
40,10,4,1,29,4,5,7607153
40,9,2,1,65,4,2,9473639
0,1,4,1,57,4,5,1100921
10,2,1,1,51,2,1,6312314
20,9,3,2,28,3,1,2396716
60,6,2,2,30,4,1,13099922
30,7,2,2,32,2,5,3572321
0,8,3,1,48,3,2,4512904
50,6,2,2,58,3,1,957952
50,7,3,2,25,4,3,1029653
0,4,2,1,45,2,1,8462004
50,5,3,2,54,3,5,7547925
50,9,3,2,71,3,4,9593218
70,4,1,2,56,4,1,3584870
20,1,2,1,52,3,1,2440855
80,6,2,1,41,2,1,8463721
0,5,2,1,39,2,1,8492439
0,6,3,1,41,2,5,1174175
75,7,2,2,70,3,4,3552674
0,8,2,2,57,2,1,878282
50,7,1,1,53,4,1,3500140
50,4,1,1,38,2,5,2484019
50,6,3,1,48,2,1,2627419
50,6,2,2,53,2,4,9586479
40,6,2,1,48,4,1,12909425
80,4,3,2,60,2,4,9617813
20,8,2,2,47,2,4,7580574
50,7,2,1,46,3,1,2529059
50,6,4,1,28,3,2,3586971
50,8,2,1,70,2,5,2501580
50,6,1,1,62,4,5,4486670
80,6,3,1,25,4,1,12996706
50,6,4,1,65,3,5,3451401
50,9,1,1,60,4,1,7390858
0,4,2,2,40,3,5,912500
0,11,4,2,47,4,1,8431634
20,6,2,2,72,3,4,3434146
0,9,2,1,29,4,1,7562750
40,5,3,1,31,4,1,6428424
50,6,2,2,32,4,1,11040825
40,6,4,1,27,2,1,1066173
0,4,2,2,38,3,4,7596065
10,8,2,1,73,4,5,2502223
50,11,3,2,33,2,1,995557
50,5,2,2,36,3,4,2480255
50,4,2,1,42,2,1,7574513
30,9,3,1,57,4,1,2403027
1,6,2,1,67,2,2,2593352
10,6,2,2,24,4,1,7490878
0,1,4,2,29,4,1,11081919
80,5,1,2,68,4,4,6583557
70,4,1,1,72,4,5,2402339
40,6,3,1,56,4,1,4420190
30,6,2,2,69,4,4,7413798
40,7,3,2,25,3,1,1080020
3,5,2,1,35,4,1,7546022
0,5,3,1,38,2,1,4607126
30,5,3,1,33,3,5,2568425
50,5,2,2,41,3,1,7586461
0,11,2,1,31,2,1,4410879
50,6,4,2,46,3,4,8574997
25,11,2,1,28,4,1,3413874
20,4,4,2,32,2,1,9506287
75,5,1,1,69,4,5,7465591
50,11,2,1,73,2,5,2423399
40,6,3,2,42,3,1,3441146
50,6,4,1,35,4,1,4432535
50,9,2,1,70,2,5,1090997
80,7,2,2,27,4,1,4390023
0,4,1,1,51,2,1,8453295
60,7,3,1,57,4,1,16893690
50,4,2,2,65,4,2,11057561
50,8,2,1,54,2,1,9512765
70,9,1,1,42,4,1,4512236
50,6,2,1,46,3,1,988116
20,3,2,1,49,4,1,12883623
40,7,3,2,27,4,1,3568805
50,9,3,2,51,2,1,6713971
80,5,2,2,71,2,4,3401811
20,9,1,1,43,4,1,11000623
0,6,3,2,28,3,1,4484842
75,9,2,2,66,2,1,966641
50,4,2,1,53,4,1,9521348
30,6,2,1,62,4,1,3483119
30,9,2,1,32,2,1,8470585
50,6,2,2,52,2,4,3379735
20,7,2,2,59,2,4,6660622
10,6,3,2,29,4,1,2394206
50,6,2,2,73,4,4,6451219
50,6,3,2,36,4,6,17022848
50,5,2,1,29,2,5,818882
10,8,3,2,39,3,1,3487955
5,6,3,1,38,2,1,2600165
10,9,1,2,42,3,5,3519227
0,6,3,1,23,4,3,1056185
70,4,1,1,62,3,1,9580803
5,10,1,1,72,4,6,2309867
60,4,1,1,59,2,1,11086945
100,2,1,2,72,4,2,11081401
50,4,2,1,65,4,1,4612998
0,8,3,1,68,3,5,4466152
50,8,3,1,32,4,1,9655651
50,6,2,1,61,2,1,3470492
0,10,1,1,45,3,2,10813499
60,6,2,1,53,4,1,9313226
0,5,2,2,74,3,2,2536138
80,1,1,1,67,4,5,985246
50,10,2,2,31,2,1,7491750
40,7,2,1,24,4,3,6431463
50,7,3,2,57,2,1,11072746
50,6,3,1,37,2,1,9583092
0,5,2,2,48,3,1,9280455
50,5,2,2,68,4,4,7482477
40,7,4,2,35,3,1,8440379
30,8,2,2,55,1,1,1281545
30,5,2,1,36,4,1,7459812
25,6,3,1,54,4,1,9306696
0,6,2,2,38,4,4,9569318
50,7,3,2,34,2,1,6620919
0,11,1,1,37,3,2,4528373
30,8,3,1,50,3,1,3523207
50,5,4,2,26,1,1,7406040
50,6,3,1,21,2,1,7441744
50,7,3,2,24,4,1,11013888
50,8,3,2,55,3,4,6371752
50,9,2,2,39,3,1,3454905
80,7,1,1,49,2,1,9567185
50,6,1,1,71,4,5,3375142
20,7,3,2,35,4,1,6395603
50,5,2,1,35,3,1,9506614
0,6,3,1,52,2,5,926354
70,5,1,1,61,4,5,3469186
50,6,1,2,66,4,4,7481061
0,6,1,1,68,4,1,9572587
60,6,3,1,52,4,1,7309205
0,11,1,1,49,4,2,9527863
10,6,2,1,25,2,1,2423608
0,6,1,2,58,2,1,6558429
50,6,3,1,36,3,5,1034965
50,9,2,1,24,3,1,4541745
50,6,3,2,53,2,4,11048344
90,7,1,2,72,4,2,2415483
40,11,1,1,60,3,2,10834964
50,5,2,2,65,3,5,2514542
0,7,3,1,26,4,1,9533562
75,5,3,1,64,3,5,1147064
60,6,2,2,41,4,4,3568966
0,6,4,1,62,2,1,881263
0,11,1,1,74,2,6,866859
50,8,2,2,64,3,1,4411592
50,6,2,2,40,3,4,3595418
90,4,2,2,64,3,4,4577777
20,9,3,1,64,4,5,2509669
0,11,1,1,73,2,5,3370577
0,6,2,2,54,3,1,3426433
100,7,1,1,19,2,3,3527518
0,8,1,1,70,4,5,7602543
50,5,3,1,33,4,1,6411288
0,9,2,1,52,4,1,13054365
10,8,2,2,25,3,1,8372909
50,8,3,2,68,2,1,7511756
10,6,2,1,70,2,5,1006065
50,9,1,1,70,4,5,4527797
50,9,2,1,36,4,2,16826511
0,5,2,1,26,4,1,3527935
45,6,2,1,33,4,1,3534415
0,4,2,2,38,3,2,3571632
100,7,2,2,50,3,4,3415747
50,5,3,2,22,4,1,2355073
50,6,2,1,48,4,1,9400692
0,5,3,1,55,3,1,8374916
50,5,4,2,37,4,4,7693049
0,5,2,2,63,2,1,8546718
25,6,2,2,63,4,1,3415516
10,8,2,2,28,3,1,2368951
50,5,3,2,31,1,4,8481082
0,4,1,1,55,4,1,6635449
50,4,2,1,48,4,1,7536213
60,4,2,1,36,4,2,7404554
50,1,1,1,63,4,1,9532445
0,8,2,2,67,3,4,4614153
10,6,2,1,69,3,5,6655482
20,7,2,2,68,2,4,3388232
75,4,2,2,62,3,2,4559234
0,9,2,1,34,4,1,6514489
50,6,2,2,61,3,4,2389497
60,6,2,2,55,3,1,7476358
3,8,2,1,71,4,5,2678116
10,6,1,1,64,4,5,2449879
20,4,2,1,35,1,1,3478552
50,6,4,2,31,3,1,2523798
25,5,2,2,42,4,4,3432091
50,6,2,2,50,2,2,2473550
50,6,2,1,62,2,1,944814
100,2,2,2,60,2,4,2311914
0,6,4,2,53,2,1,7363784
10,5,3,2,48,3,5,1005501
40,7,1,1,26,4,1,7632913
20,1,1,2,61,2,4,2610854
50,11,2,2,34,4,4,9498941
10,8,2,2,64,3,1,1098979
15,5,2,2,50,4,1,8290342
50,6,2,1,34,4,1,9545747
30,6,3,2,51,3,1,6513569
60,5,2,1,56,3,4,4558714
20,11,3,2,51,4,6,8431574
5,6,2,1,45,3,1,8503193
50,6,2,2,56,2,2,4469068
0,1,2,1,42,4,1,3648858
0,1,2,2,41,4,4,2545203
0,11,1,1,59,4,1,9621949
30,7,2,2,33,4,4,6245025
70,4,2,1,37,4,1,3485753
50,6,2,1,58,4,1,8528711
75,6,1,1,68,4,5,2223135
50,6,3,2,46,3,1,9621149
50,6,2,2,52,2,1,7399238
20,7,2,2,56,4,4,25037632
50,4,3,2,68,3,5,9369091
80,3,1,1,67,2,5,2576455
45,9,2,1,50,2,1,12794361
40,5,2,2,49,3,1,8658389
80,3,1,2,66,4,4,4473203
0,6,3,2,66,2,5,916887
50,6,3,2,34,2,4,6532009
40,7,2,2,52,2,4,3512148
30,8,2,1,26,4,1,16970296
50,6,3,2,30,4,4,4576361
0,11,2,1,45,3,1,2496937
0,8,1,1,71,2,5,9495382
50,6,2,1,29,4,1,4580967
40,7,2,1,38,4,1,9403985
50,6,4,1,28,3,1,6404271
0,1,2,1,51,4,1,4605247
50,9,2,1,65,4,5,4621545
0,8,2,2,47,3,4,9726882
13,6,2,2,29,3,1,3346532
50,5,2,1,36,4,1,9670978
10,6,2,1,36,4,2,6507312
20,8,2,1,67,4,1,3563108
50,7,2,2,61,4,4,2475418
25,5,3,1,22,4,3,12909264
0,9,2,1,68,4,5,3454047
0,5,3,1,35,2,1,4575044
50,6,4,2,39,1,1,3701278
0,6,4,2,52,2,5,3344593
0,7,2,1,32,4,1,13020859
25,7,2,1,37,2,1,11033052
25,7,3,1,69,1,5,960481
60,9,2,1,57,4,1,17142837
60,4,2,1,30,4,1,3353464
60,7,3,2,37,3,4,1123959
50,6,2,2,52,3,1,8441645
75,6,3,2,56,4,4,9556195
40,9,2,1,49,4,1,10898721
0,6,1,1,68,4,5,868123
20,7,2,1,43,4,1,9639252
50,5,2,2,59,4,4,7423568
0,4,1,1,36,4,1,3473577
50,9,2,2,39,2,2,4467767
50,5,3,2,58,2,2,4303926
30,7,2,2,68,2,6,1003508
50,6,4,2,19,4,3,3492336
40,6,3,2,54,4,1,11097451
60,8,3,2,53,2,1,16916128
35,8,2,2,41,2,1,6521073
0,8,2,1,38,2,2,4427201
60,6,2,1,35,4,1,8486623
0,5,2,1,61,2,4,6672593
20,8,3,1,42,3,1,4284616
0,11,2,1,29,2,1,6701496
0,6,4,2,33,1,5,24947218
50,5,4,2,26,1,1,3458033
0,6,2,1,54,4,1,2722241
50,5,1,2,52,4,1,24900687
90,4,2,1,70,4,5,7466130
10,8,2,2,75,2,4,2338016
40,5,2,1,35,2,1,25008131
55,6,2,1,41,3,1,9398572
0,11,2,2,70,2,4,9564789
100,4,2,2,64,3,5,1003221
50,8,3,2,40,2,1,3429775
50,6,4,2,29,2,4,7410425
10,6,3,2,59,2,4,8640670
0,7,2,1,25,4,5,10955062
20,3,1,1,32,4,1,2598911
10,8,2,1,35,4,1,11049387
0,8,3,2,68,2,1,6502142
10,6,4,1,47,2,2,3405829
50,6,2,1,50,4,2,996849
25,6,1,2,70,2,4,6632897
50,6,3,2,37,3,1,1026261
40,9,2,1,43,4,1,9577635
20,5,3,1,28,4,1,7559800
20,6,2,2,47,4,4,4481857
50,6,3,1,53,4,1,8525146
0,6,1,2,47,3,4,982707
20,6,4,2,39,4,1,3315450
10,9,3,2,39,2,1,946550
0,6,3,1,48,4,1,925530
50,7,1,1,32,4,2,3505922
50,6,4,1,33,3,2,9709891
0,11,3,2,40,4,1,7503721
60,3,3,1,64,2,1,3439522
0,6,2,2,47,2,1,2501839
20,9,3,2,37,3,1,3490714
10,1,2,1,39,3,1,4263248
40,6,2,2,35,3,4,8447859
0,3,3,1,27,4,1,24987336
50,6,3,1,45,4,1,16805579
0,6,3,1,43,2,1,9537678
60,9,2,2,74,1,4,8479486
0,5,2,1,36,3,2,9539194
6,6,3,1,52,3,6,2401777
40,7,2,1,33,4,2,3605559
50,6,2,1,24,4,1,2595739
50,3,2,1,62,2,1,2480021
0,6,2,1,41,4,1,8460747
20,5,3,2,29,4,1,6501307
50,5,3,1,39,3,1,3368115
40,7,2,1,35,4,5,1148424
0,11,4,1,50,2,2,24948303
0,6,4,1,22,4,3,11191633
0,4,2,1,47,2,1,4554456
0,4,2,2,43,2,1,1044591
10,6,2,1,34,4,1,17020871
70,8,1,2,68,4,4,3577768
2,6,2,2,47,4,4,4344089
20,9,1,2,58,3,1,4579084
45,9,2,2,34,4,4,6458884
1,10,1,2,36,3,5,8581326
0,7,2,1,41,2,1,7488401
30,4,3,1,37,2,1,3396010
0,11,1,1,72,2,5,3384174
10,6,3,1,42,2,1,9422731
0,8,3,2,29,3,1,2336976
50,8,3,1,45,2,1,1061281
50,6,3,1,29,4,1,3524187
50,7,2,2,35,4,4,7308154
50,9,2,2,59,3,4,8419195
50,6,4,1,25,2,1,7527622
0,5,4,2,34,4,1,2474297
50,8,3,1,22,4,3,7424883
0,9,2,1,48,2,1,8310685
50,7,2,1,64,2,5,949653
80,5,1,2,68,3,4,4556580
30,5,2,1,40,4,1,1033289
10,6,1,1,34,2,2,6515442
40,8,2,1,26,2,3,1182517
25,6,2,1,25,4,1,3628272
0,5,2,1,28,4,1,6433056
50,7,3,2,29,4,1,7486577
0,1,4,1,22,4,3,1004000
0,6,3,2,29,1,5,989901
50,6,2,2,30,3,4,9604244
50,6,2,2,34,3,2,4326758
100,5,2,1,39,4,5,831632
30,6,3,2,64,2,5,3446501
0,6,2,2,56,3,4,9680722
30,9,3,2,45,4,1,3416319
0,6,3,1,26,4,5,8533324
0,6,3,2,54,2,1,13165477
82,6,2,2,58,2,1,3557096
50,11,2,1,53,3,1,13162224
90,8,1,2,70,4,4,2453560
10,9,2,1,34,3,1,7783454
70,2,1,2,53,4,2,4402025
50,6,1,1,51,4,1,8405922
50,5,1,2,70,3,5,3337338
70,6,2,2,22,4,3,6538081
50,8,2,1,35,4,1,8597272
40,6,2,1,42,4,2,7588798
40,6,3,1,19,4,3,9460934
20,8,2,1,72,4,5,6545376
50,6,3,1,44,4,2,2521442
70,3,1,2,74,4,5,6557876
80,4,2,1,57,4,5,1131880
70,5,2,2,36,4,4,10949905
50,6,4,2,24,4,1,7765042
0,8,2,1,54,4,5,3302675
50,5,3,1,43,2,1,2605901
50,1,3,2,29,3,4,6512216
0,11,4,1,47,2,1,2498648
50,8,3,1,64,2,5,3553819
0,6,2,1,20,4,3,8551906
50,6,2,2,27,3,1,9496865
0,1,3,2,52,2,2,9366574
50,5,4,2,30,4,1,4360203
50,6,2,2,35,2,4,3509201
0,7,3,2,56,3,2,793790
50,11,3,2,42,3,1,1064542
50,8,3,2,45,2,1,2571257
35,7,4,2,23,4,1,2252209
60,9,2,1,32,4,1,3464545
50,9,1,1,66,4,1,4405843
30,8,3,2,58,2,1,6565993
50,8,3,1,45,3,1,4295455
25,6,2,1,48,4,1,10922014
90,5,1,2,63,4,4,3645024
50,6,2,2,50,3,1,4499403
60,8,2,2,69,2,1,8338376
10,1,1,1,47,4,1,1151205
0,11,1,1,37,1,1,4657260
50,11,2,2,73,3,5,3537116
100,2,1,2,69,2,4,2537041
0,6,4,1,43,2,5,4541508
50,6,3,1,19,2,3,6347952
60,11,1,2,31,3,5,2456031
5,5,2,2,37,4,1,9419682
5,11,3,1,52,4,1,9419126
45,5,2,2,48,4,1,17051854
1,2,1,1,48,4,1,4585340
0,9,1,2,62,3,4,3458490
50,7,2,2,70,2,4,3416643
50,7,2,1,62,4,1,8309666
10,11,2,2,64,4,1,6506964
50,6,4,2,32,4,4,2483419
25,11,2,1,54,1,2,2650549
40,6,3,2,39,3,4,9572820
0,8,2,1,31,2,1,1072052
0,9,2,2,31,4,6,6436784
0,7,2,1,18,2,3,6377549
0,5,2,1,35,3,2,3571293
50,4,2,1,38,3,5,1194834
20,7,3,1,25,3,1,3431193
5,4,4,1,48,4,6,3605102
0,4,2,1,39,4,2,16926543
50,6,3,2,48,4,2,6536954
40,11,1,1,26,4,1,4446389
50,6,4,2,27,3,4,6514808
50,6,2,1,29,4,1,7463612
0,1,3,2,23,3,4,25048482
70,6,2,2,40,4,1,6607942
50,4,2,2,36,3,1,6452779
0,10,1,2,55,3,1,4604215
45,9,1,1,18,2,3,6560665
50,3,1,2,51,4,4,6437061
50,6,2,1,51,4,5,1089931
50,6,4,2,45,3,1,8485254
0,6,1,1,53,3,2,25140076
50,5,2,2,51,4,4,1177412
0,6,2,2,47,3,1,2379925
50,10,3,1,63,4,5,4330642
50,9,3,2,30,2,4,4443132
50,6,4,2,28,3,4,3378693
75,4,2,1,43,2,5,4517208
55,7,2,2,57,4,4,6577033
40,7,3,2,48,2,2,4680014
50,4,3,1,31,2,1,7319487
0,1,1,1,51,4,1,8464905
60,8,2,2,62,3,1,8454277
50,6,2,1,38,3,1,7384929
60,7,2,2,67,2,5,1046860
80,4,1,1,67,4,5,3679512
50,7,2,2,43,3,1,9520614
76,2,1,1,19,2,3,11143481
70,7,3,2,42,2,4,1055400
50,7,4,2,25,2,4,4489886
0,11,1,1,36,4,1,7478571
3,6,2,2,44,4,1,9612103
0,9,1,1,22,4,3,891517
0,8,3,2,59,3,1,6383984
75,3,1,1,64,2,5,881445
0,3,2,2,29,3,2,4411596
50,6,4,2,38,3,1,3486660
70,6,2,1,49,4,1,8563466
50,7,4,2,27,2,1,3485174
30,9,2,2,50,2,1,9802142
75,6,3,2,46,4,4,8535182
25,5,2,1,24,4,5,6532041
60,1,1,1,50,4,1,10980657
40,7,2,2,51,3,1,10993755
0,6,4,1,39,1,1,3394970
0,9,1,1,47,4,1,9522918
60,5,3,2,39,3,5,2437916
0,1,1,1,66,4,1,6507777
75,7,3,1,47,3,2,11012602
50,8,3,2,40,3,5,2582273
0,6,3,2,44,3,1,4554753
10,3,1,1,50,2,1,4538242
10,5,2,1,36,3,2,13008435
50,6,3,1,48,2,1,2380265
50,6,3,1,61,2,1,3283313
0,5,2,2,32,3,1,11076176
0,1,2,1,28,4,1,6575666
35,8,3,1,44,4,2,8495618
50,6,4,2,39,3,4,4547234
30,4,3,1,34,4,1,6447388
40,6,2,1,61,4,1,7397093
50,7,2,2,31,3,1,7563607
50,5,2,2,29,4,1,3558978
9,7,4,1,27,4,1,6550241
50,7,2,1,67,2,2,4528386
50,8,3,2,52,4,1,957008
25,6,2,1,66,4,5,2456894
25,7,2,2,22,4,3,8493267
0,5,3,1,24,4,1,3642743
50,9,1,2,62,4,4,6417396
0,4,1,1,70,3,5,1073974
50,6,3,2,28,3,1,2588144
60,4,2,1,30,4,1,4444138
20,6,1,2,45,2,4,6402666
50,6,3,2,29,2,1,3543363
30,6,2,1,65,2,5,985350
50,4,3,1,34,3,1,11014151
70,6,3,1,52,4,1,17056802
10,8,2,1,47,3,2,4445654
30,1,2,1,36,2,1,2537721
0,6,3,1,34,2,1,8476984
10,9,2,1,38,4,1,3389338
50,8,3,2,26,3,1,1121852
50,8,2,1,44,4,1,9806455
0,2,3,1,30,4,1,1093750
50,9,2,1,51,4,1,2457067
70,6,2,2,67,3,4,968744
70,5,2,1,46,3,1,4547286
60,5,3,2,38,3,4,7572328
0,6,1,2,29,4,1,3420337
30,9,2,1,47,4,1,8512544
0,4,2,1,46,4,1,7677847
1,10,2,1,29,4,1,3531609
0,9,1,1,49,4,1,7607659
60,8,2,1,61,4,5,899715
10,6,2,1,27,3,1,4612736
100,6,1,1,57,3,1,2434101
25,7,3,1,32,4,2,3752496
20,10,1,1,41,4,1,10933648
0,7,2,1,50,3,1,9648209
0,7,1,1,68,2,1,6577602
50,4,2,1,25,4,1,11079077
50,6,2,2,58,3,1,3580905
0,1,3,1,26,4,2,796001
50,6,3,2,30,4,1,6562466
25,9,1,1,60,4,2,11105802
50,11,3,2,41,3,1,1026636
50,7,2,2,68,3,5,4585826
50,8,3,1,30,4,1,3576840
50,8,2,1,66,2,5,9463629
10,7,3,1,38,4,1,9575291
0,6,1,1,46,4,1,6583517
50,3,2,2,68,4,4,7445331
50,6,3,2,33,4,1,9397323
50,7,2,2,60,4,4,12911873
50,6,3,2,33,3,4,4664643
30,6,3,2,44,3,1,8400228
0,6,2,2,27,2,4,4528750
0,5,2,1,26,4,4,3411938
0,7,2,1,50,4,1,7532675
0,11,3,1,44,4,5,966826
0,6,2,2,69,3,4,878154
25,6,4,2,29,3,2,1089227
1,5,4,1,51,3,5,918591
50,6,3,2,40,2,1,1204294
50,6,2,2,63,3,4,2602980
50,6,3,2,62,2,4,7480794
50,5,2,2,45,2,4,7528909
50,6,2,1,43,2,1,9649193
70,7,2,1,48,3,1,4707197
0,9,2,2,49,4,2,8609664
80,1,2,1,65,4,5,7451326
10,8,2,1,26,4,1,8668992
50,10,3,2,47,3,1,8376749
40,8,2,2,56,4,1,9422875
50,9,3,2,33,2,4,3433239
0,6,2,2,70,2,4,4648263
50,6,4,2,40,2,4,1058622
0,11,4,1,25,2,1,2368087
30,6,3,2,37,3,1,7373837
10,7,2,1,40,4,1,6531755
25,7,3,1,38,4,1,9450216
75,3,3,2,62,2,4,2449817
0,11,4,1,54,2,4,7494206
50,7,2,1,50,2,1,7294228
50,5,2,2,27,3,1,7450030
0,1,4,2,29,3,4,7325278
50,6,4,1,26,4,1,1042768
90,8,2,1,49,3,1,6498922
0,6,3,2,35,2,1,7589520
0,9,1,2,57,2,5,6498479
50,6,2,1,40,4,1,7604335
10,10,4,2,48,4,1,9413086
5,4,2,1,39,4,1,948669
0,9,1,2,70,3,4,3483904
0,5,2,1,39,3,2,981919
30,5,2,2,48,3,1,6430783
50,7,2,2,23,2,4,3657745
50,6,4,1,28,2,1,2424967
0,7,3,1,46,2,2,7516743
50,9,3,2,43,3,1,2458533
60,7,2,2,48,2,1,6412843
0,6,1,1,33,4,1,7494142
55,9,2,1,56,4,1,2367698
0,6,4,2,44,2,5,7438326
10,7,4,1,29,4,1,6586515
80,4,1,1,67,4,5,4231648
40,8,2,1,38,3,1,6414137
0,6,4,2,25,3,4,899081
0,4,3,1,23,4,1,8563227
20,6,2,2,26,4,4,3409005
0,9,3,1,31,4,1,3316963
20,10,2,2,30,3,2,10927940
70,1,2,2,28,3,4,3573790
30,9,2,2,44,3,4,8681698
50,6,2,2,66,4,4,24968408
0,6,3,2,43,4,2,885565
0,6,2,2,30,2,1,9585386
10,6,3,2,49,3,1,7329718
0,9,2,1,38,3,1,6604045
50,6,1,2,44,4,1,9742424
0,8,3,1,61,4,1,8581138
50,6,4,1,27,2,1,1030296
25,6,2,2,41,3,1,4318411
0,10,2,1,24,4,5,6603220
50,5,1,1,68,4,1,16909870
0,6,3,2,64,2,4,1098675
50,5,2,2,53,3,2,2699978
50,6,2,1,51,1,1,7475082
0,7,3,2,26,2,6,8384851
75,5,2,2,57,2,4,870421
0,6,2,2,47,2,1,8499092
50,6,3,2,44,2,1,3710748
50,5,2,1,37,2,1,7496140
50,11,4,1,48,4,2,1088605
0,6,3,2,60,4,2,7400819
0,11,1,1,69,4,6,917521
50,6,2,2,45,2,1,2503900
60,7,3,2,35,4,1,8327228
30,7,1,1,28,4,1,4485609
50,6,2,1,35,4,1,8349660
1,4,3,1,54,4,2,7544589
30,4,3,1,39,2,1,8120663
30,9,3,1,63,2,1,8442271
50,6,2,2,65,2,5,941952
50,7,3,1,62,4,1,17104450
10,6,3,2,44,3,4,6566285
70,6,3,1,49,4,5,955565
50,9,3,2,29,2,4,16789938
20,8,2,1,73,4,1,9453631
50,6,3,2,66,2,4,1031263
25,6,1,1,34,4,1,4658279
90,3,2,2,61,4,2,9538853
50,7,2,1,29,2,1,8463751
0,6,2,1,22,3,5,6464182
0,9,2,2,54,2,4,3461946
50,7,2,2,24,4,1,3520796
50,6,2,1,38,2,1,956139
40,5,2,2,59,3,1,24920062
50,5,2,2,20,3,3,11016499
10,7,2,1,47,2,1,2396984
75,8,2,1,39,4,1,8351543
50,1,1,1,62,4,1,16988906
0,7,2,2,62,2,1,6588831
50,7,4,2,27,4,1,7448739
10,1,2,2,69,3,5,2402078
0,5,2,1,48,4,6,24941881
50,6,4,1,51,2,1,2378845
0,11,1,2,47,3,5,7313543
0,7,3,1,55,2,5,1020266
30,1,4,1,42,3,1,4559927
60,3,1,1,59,4,1,6537867
50,6,2,2,66,2,4,3762721
0,6,2,2,61,4,4,3498292
0,5,2,1,50,4,1,10978556
0,6,2,2,56,2,4,3380232
25,7,3,2,58,3,4,9460214
50,4,1,1,64,4,1,16892024
45,5,3,1,24,4,2,7607852
0,1,1,1,49,2,1,4514159
30,4,2,1,33,4,1,8476320
30,9,2,2,30,4,1,2552019
10,6,3,2,32,4,4,12918799
20,1,1,1,54,4,2,10970825
20,6,3,2,48,4,1,8443391
40,5,2,2,53,2,1,11212914
0,8,1,1,29,4,1,953391
90,5,1,1,62,4,1,3504403
20,7,2,2,64,3,4,3721638
30,8,2,2,56,3,2,24788228
60,9,2,1,68,2,5,6200447
90,1,1,1,65,4,1,6519929
0,4,2,2,25,2,4,6476664
50,7,3,2,19,4,3,4641629
0,3,2,1,34,4,1,9292662
0,9,1,2,57,4,1,6603909
0,9,2,2,71,2,4,8531682
0,4,2,2,65,1,5,1131857
80,4,1,1,63,3,5,2323514
50,7,3,2,62,4,1,3325384
50,6,3,1,23,4,1,4419740
60,6,3,2,57,2,4,6446636
50,9,2,2,74,2,6,9442559
40,5,3,2,32,4,1,11159452
50,6,2,1,71,4,5,2436407
5,10,2,1,20,4,1,6431179
50,6,3,2,21,3,3,3518600
50,7,2,2,28,4,1,10895588
50,6,4,2,33,2,5,6567783
0,10,1,2,57,2,4,4555562
10,5,4,1,19,3,3,4634494
0,5,2,1,39,4,1,9562778
0,11,2,2,53,2,5,2307157
60,6,2,2,27,4,4,3406189
0,5,2,1,35,4,1,8438431
50,6,2,1,65,3,1,4334915
50,6,3,2,45,2,4,9507204
10,9,1,1,69,2,5,9465469
50,4,2,2,25,4,1,8623549
50,7,2,2,23,3,4,2600775
20,7,2,1,25,3,1,6475538
50,6,2,2,39,3,1,7506139
50,7,2,2,65,3,4,3618322
30,8,2,1,37,4,1,6576266
40,6,3,2,33,3,1,1032220
50,5,2,1,50,4,1,17052340
20,4,2,2,73,2,1,1220183
50,4,1,1,48,2,1,7416537
45,6,2,1,22,4,3,9448042
75,3,1,1,31,4,6,10970848
45,7,3,2,39,2,1,3502310
20,4,2,2,36,4,1,6592821
40,6,2,1,26,4,1,3622828
40,6,3,1,37,3,1,4657194
0,11,3,2,24,2,1,1144592
50,8,2,1,45,4,1,8591893
0,11,1,1,66,4,5,2483386
10,6,3,2,45,2,1,8494571
0,8,2,1,49,3,2,2702980
40,5,3,1,38,4,1,11126164
50,8,3,2,67,4,4,975920
0,6,2,2,64,3,4,3533604
0,6,3,1,45,4,1,9495828
10,7,3,2,41,4,1,7635853
50,5,3,2,29,2,4,3362838
25,6,2,2,69,3,4,2220013
25,6,3,2,27,4,1,9482491
50,8,4,2,46,2,4,4471414
15,8,1,1,67,2,6,3620381
100,11,2,2,39,4,4,1184232
40,9,2,2,73,2,4,2478497
0,9,2,1,24,4,1,9513116
50,4,3,2,21,4,3,17012522
75,9,2,2,66,2,4,2392945
40,9,2,1,46,4,1,9476148
40,6,3,2,65,2,4,894238
50,3,1,2,30,4,1,3371288
40,8,3,2,28,4,1,4565665
50,1,2,1,49,4,1,8349664
60,8,2,1,60,2,1,3421320
70,6,2,2,72,2,4,2634029
50,7,2,1,49,3,1,7380590
0,6,1,1,40,3,1,8613684
0,7,3,2,25,3,4,4663149
0,7,1,1,33,4,5,6573049
0,6,3,1,27,4,5,2296266
0,2,1,2,26,2,4,10953741
30,6,2,1,63,2,4,6455371
25,7,2,1,55,2,2,3463163
50,6,4,2,73,3,4,7589757
0,6,2,1,39,3,2,3484924
20,6,2,2,47,2,1,3489721
50,6,3,2,36,4,4,9383866
20,5,3,1,24,4,1,8462792
50,6,3,2,28,3,4,4444547
40,9,3,2,65,3,1,4664656
10,1,2,1,30,4,1,7448742
50,6,3,1,38,2,1,6329022
50,6,2,2,58,2,1,4436244
60,8,2,1,30,4,1,9527047
50,7,3,2,37,4,1,9557386
10,3,2,2,53,4,2,11040096
15,1,1,1,29,4,1,9570488
0,11,4,2,35,4,5,1032321
10,6,3,2,35,2,1,6458653
100,4,2,2,65,4,4,1018187
20,3,2,2,44,3,4,3405241
0,6,2,2,23,4,1,8373452
50,9,3,2,70,2,4,12921516
50,6,2,2,42,4,2,2508040
90,11,1,2,62,4,1,9484204
30,7,2,1,28,2,1,2350104
5,6,2,1,51,2,1,7533512
50,6,3,2,53,3,4,9443204
50,6,2,2,29,4,1,1033446
50,5,2,2,27,3,5,3521693
40,6,3,2,30,4,4,7720468
70,5,2,2,19,4,3,13083037
20,7,3,2,23,4,1,11026695
0,6,2,2,65,4,4,4443000
50,7,3,2,46,3,1,1005122
50,4,2,1,38,3,2,6371404
50,3,3,1,38,2,1,4527914
40,8,3,2,44,2,1,2604429
75,3,1,1,68,2,5,4557174
55,8,1,1,60,2,5,996629
100,6,1,1,48,4,1,12924437
50,9,4,1,20,4,3,1170208
60,8,2,1,44,3,1,3490368
70,1,1,1,52,4,1,11120715
60,7,3,2,27,4,1,2379394
60,7,1,1,71,4,1,6546355
0,8,1,1,25,4,3,7343179
50,7,2,1,29,4,1,2481539
0,6,3,2,70,1,4,958451
30,7,1,1,32,2,1,4622172
50,11,4,2,39,4,1,6487077
0,8,3,1,53,4,4,6591600
20,6,2,2,40,3,1,9690328
50,1,2,2,52,3,4,9496671
0,3,3,1,32,3,1,6383765
0,6,1,1,28,3,2,8420898
50,6,1,2,65,4,4,11106394
30,6,3,1,28,4,1,4358891
50,7,2,1,66,4,1,8468811
50,7,3,2,27,2,1,6483849
30,5,2,2,28,3,2,7630239
10,6,2,1,39,2,1,4566001
30,7,3,1,39,2,2,9526917
10,9,2,1,42,2,1,8457221
60,6,2,2,30,4,5,1221914
50,7,1,1,52,3,1,13052359
50,6,4,2,38,3,1,6586074
50,8,2,1,38,4,1,13067256
2,7,2,1,48,3,1,13018974
70,5,1,1,61,2,2,3520315
20,6,3,1,38,2,1,2520159
50,6,3,2,35,3,1,4472305
75,5,3,2,67,3,4,3583356
0,6,4,1,33,4,1,2586874
40,7,2,1,26,2,1,7485588
0,6,2,1,60,4,5,2457832
10,6,2,1,30,1,1,9572702
50,6,3,2,22,3,3,885766
50,6,3,2,44,4,1,9589302
50,6,2,2,30,4,4,3488412
0,9,2,1,28,4,1,7493943
0,6,2,1,45,4,2,9512458
70,3,2,1,71,4,2,6678810
50,11,3,1,38,3,1,3786120
50,6,2,2,25,3,1,7542307
50,8,3,2,20,4,3,834588
40,6,3,2,31,4,4,7584090
20,6,2,2,39,4,1,3447302
50,6,2,2,37,3,4,6540520
25,9,4,1,29,3,4,7501490
100,4,2,2,43,4,1,13088545
50,6,4,1,38,2,1,1188727
100,9,1,1,29,4,1,7355673
50,6,4,2,46,2,5,3500867
70,6,2,1,50,2,1,9411142
50,8,3,2,35,4,1,6458214
50,1,2,1,34,2,2,7581060
50,4,2,1,53,2,1,7403073
50,11,3,1,29,4,1,2318171
60,4,3,2,25,2,5,1014880
50,3,2,1,18,3,3,8532314
0,1,2,2,21,2,3,7611756
50,4,3,2,23,4,1,3463793
50,6,3,2,28,2,1,3560418
50,6,2,2,51,4,1,9646828
20,6,3,2,26,4,1,3613747
70,8,3,2,75,3,5,1053001
50,6,4,2,29,4,1,8369780
50,10,3,2,30,4,1,4458910
10,6,2,2,40,3,4,4452417
0,9,4,2,30,4,1,2617194
25,9,4,2,29,3,1,9710752
10,5,2,2,35,3,5,2387947
30,8,3,2,44,3,1,2584035
80,5,2,2,32,3,4,4530716
0,5,3,2,38,3,1,7481048
50,9,2,1,50,4,1,4433355
50,8,2,2,40,2,1,3495118
0,11,1,1,30,4,1,4560951
40,7,2,2,31,4,4,7433486
40,3,4,1,25,4,1,3386507
20,6,3,2,28,2,4,16906073
0,1,2,2,38,3,4,3473388
30,7,3,1,62,2,1,2455936
50,6,2,1,39,4,1,3537574
75,9,2,1,46,2,2,6605622
25,9,2,2,30,2,1,8564499
60,11,2,1,50,4,1,13060806
10,6,2,2,60,3,1,6633639
60,8,2,2,33,4,4,7646776
20,6,1,1,45,4,1,7560043
0,6,3,1,21,4,3,1135457
0,8,3,1,42,3,6,4475062
50,8,4,1,37,4,1,3587913
50,6,4,2,50,2,4,13034023
50,6,2,2,69,2,4,8480775
0,10,1,1,63,4,4,2533650
50,8,3,1,28,4,1,3505798
30,11,2,1,65,2,4,7591047
40,7,3,1,29,2,1,7459573
40,6,3,1,46,2,1,3497608
80,7,2,2,65,2,4,9540521
0,8,4,2,31,2,1,3413479
20,5,2,1,62,3,1,9496193
25,9,2,2,33,3,1,2440189
10,2,2,1,54,2,1,4451527
25,11,4,2,28,4,1,6461322
60,5,3,2,52,2,1,13052689
0,6,3,1,31,1,2,4703307
50,9,2,2,40,3,4,7630967
25,8,2,1,65,2,5,2478210
0,6,2,1,29,4,1,6485553
50,8,3,2,24,4,1,3536440
40,7,3,2,42,1,5,6574690
50,6,3,1,22,2,1,7467853
30,8,4,1,22,3,1,885165
50,6,2,2,48,2,6,17145951
0,6,4,2,44,2,1,2539407
50,6,2,2,30,4,1,7476607
0,4,2,2,31,2,1,6446896
50,7,3,2,42,4,1,7454142
30,6,3,2,56,3,1,9636931
85,4,1,1,66,2,5,4327388
50,6,3,2,29,1,4,7433240
50,6,3,1,29,2,5,4627234
0,6,3,2,47,2,5,2535349
0,4,4,2,29,3,1,957223
40,5,2,1,69,3,1,2448195
30,6,1,1,44,4,1,7277163
50,8,2,1,54,2,4,1013864
50,6,2,2,48,3,2,3428422
40,8,2,1,29,2,1,6304305
50,6,2,2,24,2,1,3703827
50,4,4,1,30,3,1,6582635
0,6,2,2,45,2,1,2564905
40,6,4,2,36,4,4,8418363
30,6,3,2,31,3,5,2535347
50,6,2,1,51,4,2,16880766
40,6,2,2,59,3,1,6424520
50,6,2,2,41,3,1,2480950
50,6,4,1,38,2,1,2520348
50,8,1,1,20,2,1,3385636
40,7,2,1,43,4,1,16997588
50,7,2,1,62,2,2,3478945
5,8,2,2,57,2,1,2551484
0,1,4,2,20,2,3,1224377
50,5,3,1,38,2,1,10857753
0,6,2,2,52,4,1,11146818
10,11,1,1,20,2,3,9679529
50,8,4,2,39,2,6,4619291
80,6,2,1,43,3,1,6325347
20,7,2,2,44,3,2,4419357
5,6,3,2,25,2,4,6397962
0,6,2,1,37,4,1,6632748
40,9,3,2,24,2,6,2595866
40,6,2,2,28,3,4,11049941
50,6,2,1,20,2,3,9546897
0,11,1,1,36,4,1,9476626
50,6,2,2,48,2,1,8564557
10,1,1,1,43,3,1,6600801
50,6,3,2,33,2,5,3514368
0,6,2,1,36,2,1,3523051
0,1,1,1,54,4,1,2522493
25,8,3,1,62,2,1,6543191
0,6,4,1,46,3,1,961754
0,6,2,1,58,4,1,7638229
50,7,2,2,54,3,4,10969085
50,4,3,1,18,1,3,4521086
50,2,4,2,46,2,4,6331683
80,1,2,1,61,4,1,16896426
2,3,2,2,20,3,3,11049515
0,6,2,2,24,4,1,3635189
50,3,3,2,19,1,3,1036593
50,9,3,2,27,4,1,4520441
75,3,2,2,51,4,1,9387932
45,7,3,1,22,2,3,9262962
0,11,1,1,48,2,1,6595840
50,1,1,2,65,3,4,6509364
75,7,2,1,47,2,1,6580806
80,6,2,2,50,3,6,24954754
5,3,2,1,70,2,1,2654739
50,6,2,2,61,2,6,3419885
0,5,1,1,59,4,1,17054816
10,6,2,2,61,3,4,10971204
50,6,3,2,44,3,1,8358544
0,5,3,2,44,4,1,4426503
20,3,3,1,26,4,1,4581204
0,3,2,1,49,2,2,900432
50,6,2,2,64,3,1,9654432
0,6,2,2,41,2,4,895463
40,6,2,1,26,2,6,2481610
0,9,3,2,38,2,1,4437474
0,3,2,1,70,4,5,9386795
25,7,2,2,66,3,5,3657299
50,6,2,2,37,4,1,25100736
25,7,2,1,38,2,1,4478268
50,5,3,1,27,3,1,4378966
50,7,3,2,32,4,4,3514813
50,7,2,1,66,2,5,3496776
10,6,3,1,58,2,1,7437263
0,6,2,2,55,3,1,3542690
30,7,1,1,39,4,2,2551992
80,4,1,2,71,4,5,1030101
50,6,2,2,21,4,3,13099948
0,8,2,2,39,3,4,6328684
0,8,2,2,64,2,4,6423651
10,7,2,2,62,2,6,12860743
50,7,2,2,72,4,4,2373363
50,6,2,1,27,4,1,3577149
0,6,2,2,31,2,4,6498411
0,6,2,2,47,2,4,6527890
30,6,2,1,55,2,1,9382723
0,6,2,2,36,4,1,7442097
50,9,2,2,62,3,4,10952379
0,9,1,2,51,3,1,11177211
60,6,3,2,29,2,4,7427318
60,6,3,2,38,4,1,7606556
10,7,2,2,59,3,1,9518248
25,4,2,2,67,4,4,9511354
0,10,1,1,65,2,5,2456563
25,9,1,1,55,4,1,6514004
40,8,2,2,50,3,1,6515625
30,11,1,1,59,2,1,9476465
30,8,4,2,41,4,1,8345384
30,4,2,1,19,2,3,9543875
50,5,2,2,69,3,5,3439690
50,4,3,2,52,2,4,1034582
80,6,3,2,37,3,4,4498432
50,5,2,1,62,3,1,3511170
10,9,2,1,41,3,2,4537739
50,6,4,2,22,3,1,7454352
50,7,3,2,34,3,4,6598872
55,4,4,1,28,2,4,9450204
50,4,2,1,21,3,5,6638207
25,7,3,2,28,3,1,3381318
50,5,2,2,34,4,4,6616494
25,6,2,2,34,3,2,6427078
50,6,3,2,42,2,1,3599863
0,7,2,1,35,3,1,2651454
50,6,4,2,25,4,2,3606042
0,6,3,2,41,2,1,2583158
0,9,2,2,39,2,5,2535628
10,6,3,2,33,1,4,3469897
0,10,2,2,70,3,1,6473031
45,6,3,2,67,2,5,1025485
10,5,2,1,54,4,2,4466363
0,6,2,1,44,3,1,7389959
0,10,1,2,55,4,4,11083453
10,6,2,2,33,4,1,8518098
0,6,2,2,43,2,1,2510803
70,3,2,2,72,4,4,6389325
50,6,4,1,30,4,1,7470499
40,7,2,2,30,4,1,7577446
0,6,3,2,44,2,1,9558294
0,6,2,2,41,4,1,6596269
10,6,3,1,25,2,4,1223792
1,7,2,2,64,2,4,3502492
50,5,2,2,32,3,4,4459353
0,1,2,2,32,3,5,3414605
50,3,2,1,25,2,5,1019343
55,7,3,2,25,4,5,1044983
25,8,2,2,23,2,3,1018327
0,7,3,1,29,4,1,3522589
50,4,3,1,23,3,3,2469546
50,6,2,1,22,2,1,1064920
40,9,2,2,22,4,3,1092487
0,8,2,1,47,2,1,9619074
0,1,2,1,19,2,1,2613215
40,8,2,1,51,4,1,16940126
25,11,1,1,67,4,5,2599104
20,6,2,2,63,2,1,2510538
30,11,2,1,37,4,1,9509293
75,8,2,1,56,2,1,10911450
40,6,2,2,19,2,1,3316777
30,9,2,2,64,3,4,10976748
50,6,2,2,23,3,4,1032892
50,4,3,2,60,4,1,3442076
0,6,3,1,47,4,1,9452160
50,7,3,2,58,3,6,4429680
80,7,1,1,23,4,3,6485001
0,8,2,2,28,2,1,2665270
70,3,1,2,24,4,3,7622222
25,6,3,2,32,3,1,3427468
20,6,3,1,48,3,5,2596908
40,7,3,1,29,4,1,9570578
0,9,1,2,44,4,6,6571315
40,8,3,2,36,4,1,9748607
40,7,3,1,47,3,1,8675583
60,8,2,1,49,4,1,10824728
10,3,3,2,20,4,3,939897
0,6,2,1,31,2,1,4482562
25,7,2,1,22,2,1,4712667
50,6,2,2,68,2,5,1022194
50,8,3,1,39,2,2,9492251
50,11,1,1,62,4,1,6647572
0,9,2,2,64,2,4,4461250
0,9,2,1,25,4,1,8619830
0,5,3,1,35,3,5,9463192
0,7,2,1,65,2,5,3699487
30,11,1,1,62,4,1,24981761
30,5,3,1,25,4,1,4678904
10,6,2,1,62,2,1,7400409
100,7,1,2,57,3,4,6322248
0,5,2,1,28,4,1,6392922
60,6,2,1,60,4,5,9457578
75,9,2,1,27,3,1,3449439
50,6,3,2,61,3,1,4521586
50,6,4,2,28,4,1,8484531
50,7,2,2,36,2,4,8364583
0,7,2,1,25,4,3,9493134
50,7,2,2,22,3,3,3364712
20,2,4,1,34,4,1,9499428
50,6,4,1,29,4,2,994424
50,6,3,2,36,3,1,7594732
40,6,2,1,37,2,1,7694058
50,7,3,1,29,4,1,7615605
60,7,3,2,67,3,5,4439275
20,6,3,1,70,4,1,6420688
50,6,2,2,47,2,1,8388950
10,1,2,1,41,4,1,3554125
0,6,3,2,41,3,1,6474630
45,7,2,1,36,4,1,4378150
40,6,3,2,34,4,1,17039714
90,6,1,2,65,3,4,2466366
0,6,4,2,27,3,4,7665415
20,5,3,2,25,2,1,8372890
75,4,2,1,55,4,1,6464306
40,8,1,1,75,4,5,6759273
10,8,2,1,42,4,1,6442300
70,6,1,2,71,4,4,9676245
0,10,4,1,50,4,1,3568297
50,6,2,2,34,2,1,9509382
25,4,2,1,66,2,1,3475676
30,6,2,1,36,2,1,854265
10,5,2,1,61,4,2,9454404
80,4,2,1,33,4,1,4305026
40,5,3,2,29,4,1,4613418
80,4,1,1,21,4,3,1130669
0,11,3,1,47,2,1,6639892
50,6,3,2,21,3,6,878860
0,5,2,2,40,3,1,9330180
50,8,2,2,55,2,4,6539303
50,6,2,2,53,4,1,2559990
60,5,2,2,49,4,1,6511037
55,7,2,2,44,3,1,7602643
50,8,2,1,47,2,1,3686890
0,7,3,1,27,4,1,3493280
50,9,2,2,75,4,5,7573593
50,1,4,2,47,3,1,7616607
0,5,2,1,35,2,1,2486850
10,6,4,2,19,3,3,10828131
50,7,2,1,52,4,1,8329283
70,8,2,1,29,4,5,3500568
50,3,3,1,19,3,3,8548095
50,9,2,2,32,2,1,4440317
30,11,2,1,50,2,6,6508812
50,5,3,2,32,3,1,2497367
50,6,3,2,22,2,3,8286272
0,5,3,2,49,3,1,11084464
50,8,3,2,22,4,3,1125529
45,5,4,2,21,4,3,1087747
60,6,3,2,28,4,1,2683017
0,6,3,2,52,3,1,17048593
40,7,3,2,37,4,1,11156665
50,1,1,1,38,4,1,6595312
25,4,2,2,60,2,1,9706601
0,7,1,1,35,4,5,878158
0,5,4,1,28,4,1,4706318
50,6,3,2,27,2,1,6473981
30,7,3,2,24,3,1,8528436
5,9,1,1,34,3,1,3525211
50,7,4,2,33,4,4,943513
70,4,2,2,44,3,1,2490426
60,9,3,2,50,3,4,8563351
50,6,3,2,35,3,5,1084953
0,8,2,2,62,2,4,3375574
50,9,3,2,26,4,1,6565544
50,6,4,1,31,4,1,7400538
40,5,3,2,24,2,1,4396599
0,9,2,1,37,3,1,6565495
50,6,3,2,37,2,1,2582504
55,6,2,1,24,4,1,3356791
60,7,3,1,31,4,1,6762061
0,8,3,2,34,2,4,3567752
50,9,4,2,30,2,4,4543109
40,5,2,1,33,4,1,6599555
50,5,2,1,25,4,1,2470140
50,8,2,2,29,4,4,3651669
0,5,2,2,29,4,1,9589433
0,3,2,1,49,2,1,8349566
40,6,3,2,38,3,4,7444306
1,4,2,1,70,3,5,7525287
50,7,2,1,26,4,2,8506692
45,6,2,1,26,3,1,6441040
60,6,2,1,51,4,1,9485110
50,7,3,1,24,2,1,3418397
0,3,1,1,33,3,1,9502165
60,5,2,2,19,2,3,1055414
20,9,2,2,43,3,1,3501545
0,8,1,1,38,3,1,925737
50,11,1,2,50,3,1,9503078
50,6,4,1,27,3,1,3715833
0,9,3,1,26,4,1,11115532
50,10,1,1,29,4,1,3355174
2,10,1,1,37,4,1,6563348
50,6,3,2,50,3,1,2633374
0,5,3,2,40,3,1,6585177
50,6,2,2,70,2,1,3469902
10,5,2,1,39,4,1,6392773
49,4,2,1,19,2,3,7601852
10,10,1,1,20,4,3,17231863
50,6,3,2,38,2,5,1055065
80,7,1,1,63,4,2,12879283
25,9,2,1,48,2,1,2384231
10,4,2,1,74,4,5,9654770
60,6,2,2,46,3,1,1010117
50,11,1,1,25,4,1,12915827
10,9,2,1,41,4,1,9448756
50,6,3,2,28,3,4,3417022
5,3,3,2,21,2,1,17016606
40,4,2,1,71,2,5,4566533
25,6,2,2,44,4,2,13099913
30,7,2,1,23,4,3,9435747
80,4,1,2,67,4,1,4355228
50,6,2,2,32,4,1,12819759
40,6,2,2,40,3,1,6429352
30,8,2,2,33,4,1,9652761
40,6,3,2,42,3,1,2545119
30,6,2,1,27,4,1,6467581
0,7,2,2,61,2,5,857368
40,7,2,1,35,3,1,9649588
80,6,2,1,41,2,1,1097525
50,1,2,1,26,4,1,4365731
50,9,2,2,29,3,1,2375574
50,7,2,1,29,4,1,7536374
0,4,3,1,24,4,1,9402991
50,6,2,1,33,4,1,6414996
3,9,2,1,19,2,3,6484487
40,6,2,1,19,4,3,1086831
50,7,3,2,27,4,2,17037554
20,7,3,2,26,4,3,17036815
50,6,4,2,22,2,3,1000352
0,7,1,1,52,4,5,1121072
25,8,3,2,34,3,4,4486722
50,8,3,2,25,2,4,3449053
30,5,3,2,38,3,1,7441302
60,8,3,2,54,3,1,11007050
75,7,2,1,66,4,1,7504011
20,5,3,2,38,2,5,2547749
75,5,3,2,69,4,5,2626727
0,10,1,1,69,4,5,3500603
60,5,2,2,47,2,1,1063716
60,7,2,2,33,4,1,12834240
0,8,2,1,48,2,2,1046044
70,4,3,2,74,2,4,6602723
60,2,4,2,32,4,1,11064477
15,5,2,2,28,4,1,4387734
0,1,1,1,31,4,1,7433417
50,6,2,1,57,2,1,9529048
30,6,2,2,46,3,1,8540407
50,11,4,2,18,2,3,3397080
15,8,1,1,27,4,1,7440960
50,7,4,2,34,4,1,3643456
20,6,2,1,38,2,1,6421405
0,8,2,1,24,2,3,1064554
100,4,1,1,67,4,2,9517271
58,5,2,2,48,4,1,7497216
70,4,2,1,31,4,1,7451958
50,5,2,1,39,4,1,6584281
45,6,2,2,50,2,1,968659
20,6,3,2,41,3,1,7573273
0,1,2,1,38,4,1,8528901
30,5,3,1,33,3,1,3586802
50,11,2,1,35,3,1,6695506
0,8,4,2,67,3,4,3515008
65,7,2,2,26,3,4,4473187
40,5,2,2,19,2,3,9469897
60,5,2,1,64,4,1,7320235
55,5,3,1,36,3,1,6716544
20,7,1,1,27,4,1,3449123
30,6,3,2,47,4,4,4580242
20,8,3,2,51,2,1,9500991
10,6,3,1,31,3,2,3606810
40,6,4,2,27,4,5,2545033
0,6,4,2,30,3,4,9560752
50,6,2,2,19,4,3,4579368
50,6,3,1,38,3,2,7486788
25,6,3,2,37,3,1,8321867
11,10,2,1,31,4,1,6504081
30,7,3,2,48,2,1,1041607
50,9,4,2,18,4,3,6515740
0,9,1,1,70,4,5,6433202
40,6,3,1,38,4,1,9475194
50,6,3,2,34,3,4,3544032
50,8,3,2,58,2,4,2366448
100,8,2,1,18,2,3,2617832
45,6,2,2,53,2,1,2671136
0,6,3,1,19,2,3,2486359
50,9,1,1,72,2,5,10907248
25,8,2,2,28,4,1,3418388
50,6,3,2,27,2,4,4419783
50,6,2,2,57,2,4,11124644
0,6,2,1,57,2,1,7617066
60,5,3,2,23,4,3,10919771
50,8,3,1,28,4,1,13096407
50,8,2,2,26,4,1,6546075
50,8,2,2,30,2,1,2421497
0,9,2,1,21,4,3,3416325
50,6,3,2,24,4,1,876638
0,7,3,1,20,4,3,8432909
30,6,2,2,46,2,1,13139657
65,9,2,1,55,2,1,3180750
0,6,3,1,20,3,3,25056853
50,4,3,2,30,4,4,4594500
50,7,3,2,29,4,4,4521010
10,6,3,1,21,4,3,6531881
0,8,2,1,59,4,1,9379155
10,8,2,2,32,2,1,4602433
60,8,1,1,75,4,5,3445925
50,6,2,2,51,4,1,2402998
50,8,3,2,45,4,1,4458555
20,6,1,1,55,4,1,9470206
20,6,3,2,60,2,5,7491467
40,7,2,2,71,2,4,856126
50,9,2,2,29,3,4,3553556
40,6,1,1,50,4,2,3419719
50,7,3,1,32,3,1,7578143
50,9,2,2,58,3,1,7242292
0,7,3,1,22,3,3,8557299
20,9,1,1,20,4,1,8428842
60,5,2,1,31,4,1,6430237
50,7,2,2,32,2,1,4354078
0,1,2,1,21,4,3,9477232
60,8,2,1,61,2,1,9445472
30,8,2,2,21,4,3,3675750
0,4,3,1,39,3,2,2494107
75,4,2,2,30,3,1,6546915
20,6,2,1,29,3,1,6334525
20,5,3,1,26,4,1,7495387
60,4,2,1,59,2,2,4617256
50,9,3,2,33,3,4,8563907
55,2,2,1,49,2,2,3751564
0,7,2,1,63,4,4,2399884
50,11,1,1,58,3,6,2537373
50,8,1,2,46,3,2,8534237
0,6,2,2,62,3,1,4426730
50,5,3,2,23,4,2,24877668
0,11,1,1,66,3,2,4392829
0,6,4,2,25,2,1,6466764
30,5,2,2,70,3,5,2424377
60,5,1,1,64,2,2,2481904
50,9,4,2,29,2,4,4557672
50,4,2,2,35,2,4,6522096
45,7,2,2,19,2,3,2547339
10,5,2,2,44,3,4,6540616
50,5,2,1,35,3,1,831380
50,6,3,2,62,4,5,4471550
10,4,2,1,38,4,1,1018364
50,6,4,1,27,2,1,6491149
25,6,2,1,18,1,3,9669070
10,6,3,2,41,3,1,25134612
20,8,3,2,28,4,1,8443972
10,9,2,1,35,3,1,4568719
0,6,1,1,42,2,1,8444355
0,8,2,2,53,4,1,3432663
0,10,2,1,37,4,1,7379025
25,5,3,2,19,4,3,8572848
50,6,4,1,36,2,2,4591996
30,8,3,2,61,3,1,984799
50,5,2,1,18,2,1,2407668
0,11,3,2,54,4,2,988040
40,4,2,1,29,2,1,3381360
60,7,2,2,37,3,4,8750397
50,9,4,2,49,2,1,4432152
0,5,2,1,43,4,1,11116364
80,9,2,2,46,3,1,3410814
10,6,3,2,27,4,1,17104939
50,1,1,1,39,1,1,2644544
20,8,3,2,53,1,4,2428442
50,1,4,2,34,3,4,7591756
30,7,2,2,33,4,4,6443355
0,5,2,2,27,3,1,2507190
50,6,3,2,43,3,1,6450973
0,11,1,1,41,2,1,4557919
60,6,2,1,50,2,1,8531544
5,3,2,2,33,4,1,12886546
100,3,2,1,39,4,1,8391709
5,6,2,1,42,2,1,8447968
75,4,1,2,60,3,4,12920123
10,1,4,2,19,1,5,936249
50,5,2,2,41,4,1,7595002
0,11,2,1,46,1,1,7417685
70,5,2,2,63,4,4,10885732
10,6,3,2,31,4,4,11104356
0,6,2,2,30,3,1,2511137
60,6,2,2,61,4,4,6653097
30,6,2,2,28,3,4,1086439
50,6,3,2,25,2,1,6531974
0,7,2,2,50,2,1,2669412
65,4,2,1,18,2,3,7587641
0,6,2,1,26,4,3,867489
0,2,3,2,25,1,1,9604718
50,9,3,1,35,4,1,6470507
50,6,2,1,30,2,1,6561719
0,4,2,1,29,4,5,6656426
0,6,4,1,25,2,1,1128586
50,6,2,2,40,3,4,4533511
50,6,4,1,26,2,1,3429205
50,7,3,1,26,3,1,4505724
48,3,3,1,24,4,1,981656
50,8,3,2,43,3,4,9355708
75,7,1,1,46,4,1,4461110
50,8,2,2,18,2,3,7380950
40,4,3,2,50,3,4,7534893
50,4,2,1,22,4,3,887869
50,5,3,2,51,2,1,3491539
50,7,2,1,18,2,3,4538460
45,8,4,2,54,3,4,3328460
75,5,2,2,66,3,4,2460587
25,4,4,2,19,2,3,6640479
40,6,2,1,72,4,2,4551028
5,4,2,1,28,4,1,3420245
0,6,2,2,35,4,4,6410075
30,6,2,1,26,4,1,3517635
25,9,3,1,38,4,1,6356268
50,9,3,2,42,2,1,3480133
30,6,2,2,73,4,4,975981
30,6,3,2,39,3,4,7474912
10,11,2,2,54,2,1,12870199
25,7,1,1,24,4,3,11133434
5,9,1,2,49,2,1,2458779
50,6,3,2,39,3,1,4466932
10,5,2,1,43,4,1,7558597
50,9,2,2,28,4,1,9469037
50,5,1,1,69,3,5,2593342
40,7,2,2,28,4,1,9450202
50,9,1,1,69,4,2,6566814
10,3,4,1,30,3,4,4543196
30,9,2,2,31,3,4,6333439
40,6,3,2,49,4,1,9533175
40,6,2,1,19,4,3,7402001
50,9,2,2,24,2,4,4503255
90,5,2,2,60,2,4,12923880
0,11,3,2,28,4,1,4447636
50,8,2,1,43,3,1,4471553
78,1,4,1,28,4,5,4632048
50,6,4,1,23,4,3,4566329
10,6,2,1,45,2,1,6349493
60,5,4,2,19,2,3,821245
0,1,1,2,29,4,1,3497288
4,6,4,2,18,2,3,2450084
20,5,3,2,27,4,1,3577415
53,6,1,1,18,3,3,8601477
20,6,2,2,19,4,3,8494616
50,6,4,2,27,2,2,7407853
10,9,3,2,18,2,4,6452105
75,5,1,2,70,2,4,6432513
50,5,4,2,20,3,1,2622764
25,7,2,1,67,4,1,7400902
0,5,2,2,23,3,1,8597379
50,3,2,1,38,2,1,4499276
25,9,2,2,34,4,1,3400892
8,11,1,1,27,4,5,3563281
30,7,3,2,23,4,3,4397368
52,6,2,1,19,4,3,996487
70,6,2,2,39,4,1,8303416
50,6,3,1,29,4,1,9456226
70,6,3,2,27,4,4,13007225
48,6,3,1,23,4,1,3557311
0,4,2,1,38,4,1,11119410
40,6,3,2,18,2,3,8553151
50,11,2,2,20,2,3,8468659
70,7,4,2,44,3,4,10919287
50,7,2,2,25,4,1,2570527
0,6,2,2,35,3,1,9410650
25,10,3,1,26,4,1,3707321
50,2,2,2,20,1,4,2528736
20,4,2,1,35,3,1,8480615
50,6,2,2,38,3,1,6538450
30,6,3,2,33,2,1,4447728
10,6,4,1,19,4,3,909925
0,7,3,2,25,4,2,4550611
50,1,2,1,18,2,3,11096169
50,8,3,2,31,3,1,7568716
50,7,2,2,26,3,1,2529714
50,8,4,2,18,1,3,4277343
0,9,3,1,19,2,3,8497267
30,9,2,2,57,4,1,25035109
40,3,1,1,38,3,1,6401776
30,9,3,1,29,4,1,6635395
55,7,3,2,19,4,3,11022510
65,5,2,2,18,2,3,1095884
60,1,1,1,44,2,1,2470251
50,6,3,2,73,2,5,719353
50,6,2,1,29,1,2,7478185
0,8,2,1,23,4,3,886454
60,3,3,1,21,3,3,1205244
50,7,3,1,19,2,3,8545310
50,6,3,2,31,3,1,4556316
45,8,2,2,19,4,3,8483705
60,6,2,2,50,3,4,9615820
50,6,2,1,25,4,1,4561951
5,9,3,2,21,4,3,8646991
15,4,2,2,27,3,4,7364366
0,9,3,2,28,3,4,7493799
0,11,4,2,26,3,1,1091767
51,6,3,1,27,4,1,3604713
50,6,2,2,18,3,3,1144573
0,11,1,1,55,2,4,2427835
10,6,2,2,35,2,1,6474983
60,6,2,1,52,4,1,8526252
10,11,2,2,18,1,6,1055659
60,6,3,2,70,3,1,3546784
50,1,3,1,31,2,1,6731818
0,4,3,2,57,3,1,2529458
90,6,3,1,18,3,3,9643925
20,7,2,1,30,4,1,4497826
50,1,3,2,36,2,2,2517043
0,9,2,1,39,3,1,3496008
100,7,1,1,36,4,1,4399301
0,11,4,2,28,3,4,4455624
1,6,2,1,49,2,1,7383250
40,5,4,2,40,2,1,7472951
50,5,3,2,29,4,1,6518518
10,8,1,1,66,2,5,3454185
50,6,2,1,38,2,1,6548031
40,5,2,1,19,4,3,2513531
50,4,3,2,27,4,1,4532759
0,2,2,1,18,2,3,1149032
50,6,3,1,31,3,1,4525305
40,4,2,1,25,4,3,10944648
50,6,4,2,26,2,1,6496537
40,7,3,1,19,2,5,10995862
70,1,4,2,25,4,1,1005693
0,6,2,2,42,4,4,9644324
0,6,3,2,20,3,4,935127
40,10,2,2,19,2,3,16833183
50,6,2,1,22,4,1,3451857
18,4,2,2,35,4,4,9504977
25,11,3,2,43,2,1,3478902
0,3,1,1,21,4,3,7485983
0,5,3,1,49,3,1,9414132
50,6,1,1,28,2,1,9449968
25,4,2,2,25,4,3,10983947
40,6,2,1,43,4,2,2370252
50,6,2,2,64,1,5,1004098
80,6,1,1,66,4,1,4528040
50,5,2,2,27,4,1,6555760
5,6,3,1,27,4,5,2535227
11,7,3,1,19,2,3,2610862
50,5,2,2,18,3,3,6623170
50,4,2,2,32,2,2,2549926
50,11,4,2,29,4,1,4427525
0,7,1,1,19,2,3,4489336
0,9,1,2,39,3,1,2339759
25,8,2,1,19,3,3,6493233
50,7,4,2,23,3,1,9474463
0,5,2,2,19,3,3,8516648
25,5,4,1,39,4,1,8400928
0,6,2,2,30,2,1,4562325
0,1,1,2,61,3,2,9527374
100,10,2,1,19,1,3,916869
40,6,3,2,60,2,4,11183322
10,11,2,2,47,2,2,2539455
50,6,3,1,34,2,1,4526197
30,5,3,1,19,4,3,9642106
40,7,2,1,21,4,3,922713
0,1,2,2,24,1,1,9706729
50,5,2,2,23,1,1,3448791
50,11,3,2,24,4,1,12982088
50,1,2,1,39,2,1,13189972
40,7,3,2,56,4,4,7581739
50,6,1,1,36,2,1,4537702
0,6,4,1,30,3,1,3504455
50,8,2,2,26,4,1,3485929
70,5,1,1,67,4,6,9660279
30,7,4,2,19,2,3,4380725
0,9,2,1,52,4,1,7514709
20,9,1,1,19,4,3,6402221
10,10,3,2,21,4,3,7552752
50,6,2,1,27,3,1,3518458
60,9,3,2,22,3,3,7596976
45,5,2,2,39,3,1,7540834
30,9,2,1,60,2,1,2535359
40,8,3,2,29,3,1,2562744
50,7,3,2,18,2,3,3368855
50,6,3,2,24,3,1,939466
0,11,4,1,19,4,5,904793
0,9,2,1,19,2,5,3512608
0,8,3,1,19,3,3,9420136
11,11,4,1,19,4,3,8374578
30,5,2,2,18,2,3,13030384
0,4,3,2,18,2,3,960574
10,6,4,2,19,2,1,933435
0,6,2,2,19,2,3,7544088
50,11,1,1,19,4,3,881455
50,6,3,2,18,2,3,7531272
