fem,age,educ,inc,child,youtube,diver1,diver2,diver3,diver4,diver5
0,25,5,7,1,6,1,4,4,2,3
0,26,5,11,1,3,3,2,3,3,3
0,28,5,10,1,4,5,5,5,5,5
1,59,5,6,1,3,3,4,4,3,4
1,28,5,9,1,6,2,4,4,4,4
0,50,5,10,1,4,4,4,4,4,4
0,44,4,2,1,2,3,4,4,3,4
1,45,5,12,1,5,2,3,3,3,4
1,54,5,3,2,1,4,4,4,3,4
0,27,5,NA,1,4,3,3,3,3,3
0,74,5,10,3,2,3,4,4,3,4
0,29,6,13,1,5,3,4,4,3,5
0,37,2,1,1,2,2,3,3,3,2
0,55,5,14,2,2,4,4,4,4,4
0,73,5,7,3,4,5,3,3,4,4
1,71,4,6,1,3,3,2,3,2,2
0,55,3,10,2,4,3,4,4,3,4
1,61,5,3,1,7,3,4,4,3,4
1,57,2,2,2,2,3,4,3,3,3
0,49,2,NA,1,4,3,3,4,3,5
1,62,2,1,3,1,3,4,3,3,3
0,67,2,13,2,3,4,3,4,4,4
0,43,5,3,1,6,1,2,2,1,1
0,53,5,NA,2,1,3,3,3,3,3
1,64,5,2,3,4,3,4,4,4,4
1,53,4,6,2,2,3,4,4,4,3
0,54,6,12,3,2,4,4,4,4,4
0,38,5,3,1,7,4,5,4,4,5
1,61,6,6,1,3,3,4,4,4,3
0,45,3,6,1,3,3,4,4,3,4
1,28,2,2,1,4,3,4,4,4,4
0,65,5,6,2,5,4,4,4,4,4
1,53,2,1,1,2,3,3,3,4,4
0,41,5,8,1,5,3,3,3,3,4
0,22,5,8,1,3,3,3,3,4,3
0,53,5,9,3,1,4,5,5,4,4
1,46,5,3,1,4,3,4,4,3,4
0,25,2,7,1,4,2,2,2,2,2
0,65,5,7,2,1,2,3,2,2,3
1,24,5,7,1,7,3,5,4,4,3
0,65,5,10,1,6,4,4,4,4,4
0,48,2,NA,1,2,3,3,3,3,3
1,40,5,12,2,7,5,5,5,2,5
0,52,1,3,1,6,4,4,4,4,3
1,29,4,4,1,4,1,2,1,2,2
1,22,5,NA,1,2,3,1,3,3,2
0,34,5,8,2,4,4,4,4,3,4
0,62,5,9,1,3,3,3,3,3,3
1,49,5,1,2,6,4,4,4,3,4
0,44,5,9,2,5,3,3,3,3,3
0,59,2,13,1,2,3,4,4,3,4
0,49,6,12,2,1,3,3,3,3,3
0,26,5,7,1,5,3,4,4,5,4
1,56,2,1,2,2,4,3,3,4,4
0,25,2,1,1,1,3,2,3,3,3
0,53,5,15,2,7,4,4,4,4,4
1,74,2,2,3,1,3,2,3,2,3
0,31,5,9,1,4,5,4,4,5,4
0,57,2,8,3,3,4,4,4,4,4
0,60,5,9,2,1,3,4,4,2,4
1,45,2,1,2,3,2,3,4,2,3
1,25,5,NA,1,3,3,4,3,3,3
1,70,2,1,1,1,3,3,3,3,4
0,46,6,15,2,2,3,4,4,4,5
1,64,2,2,2,2,3,4,4,4,4
0,64,5,9,2,2,5,5,5,5,5
1,28,5,6,1,2,3,4,4,3,4
0,53,2,10,1,3,4,4,3,4,3
1,75,2,2,1,1,4,4,4,4,4
0,46,6,13,1,2,4,4,4,4,4
1,78,5,NA,3,1,3,3,4,3,3
0,54,5,6,1,2,2,3,3,2,3
1,52,3,6,2,4,3,3,4,3,3
0,39,5,9,2,2,3,2,3,3,3
1,62,5,3,3,2,3,4,5,4,4
1,61,5,14,2,6,3,2,4,2,4
1,56,2,NA,1,6,1,1,1,1,1
1,74,5,3,2,2,4,4,4,4,4
1,60,4,1,1,3,3,4,4,3,4
0,62,5,15,1,3,4,3,4,3,3
1,50,3,9,2,4,5,3,5,4,4
0,74,5,6,3,1,2,4,4,2,4
0,31,6,9,2,4,2,3,4,4,4
0,24,5,NA,1,5,3,3,3,3,3
0,72,5,6,3,3,4,3,3,2,3
0,73,5,NA,1,5,3,4,4,3,3
1,74,2,4,3,1,3,3,3,3,4
1,45,3,1,1,5,3,3,4,2,4
1,79,2,7,3,1,3,3,4,3,3
1,29,5,6,1,5,1,3,1,1,1
1,63,4,6,3,6,3,4,4,3,3
0,62,5,NA,3,2,3,3,3,3,3
0,53,5,11,2,2,4,4,4,4,4
0,76,5,6,3,3,2,2,4,2,2
0,74,5,6,1,2,2,4,4,2,2
0,62,2,7,3,1,3,3,3,3,3
0,36,5,2,1,2,4,3,3,2,1
0,56,5,10,2,2,4,4,4,3,4
1,71,4,3,2,3,2,2,2,2,3
1,76,2,NA,3,1,2,4,3,2,4
0,22,2,2,1,5,4,4,4,4,4
0,38,2,11,1,4,3,3,4,4,3
0,37,5,11,2,3,4,4,4,4,4
0,45,6,15,2,5,3,5,5,4,4
1,28,6,8,1,1,4,4,5,4,5
1,54,4,1,3,2,3,4,4,3,4
0,68,5,11,3,2,3,5,5,4,4
1,35,6,12,1,3,4,4,4,3,3
0,67,5,6,1,4,4,4,4,3,4
0,56,2,13,2,2,2,3,3,2,2
0,57,5,11,3,1,3,3,3,2,3
0,71,2,7,2,6,2,4,4,3,4
0,58,5,14,1,2,3,3,3,3,3
0,48,5,10,3,4,4,5,4,4,4
0,74,NA,NA,3,2,4,4,4,4,4
0,69,5,6,3,2,3,4,4,4,4
1,25,5,7,1,2,4,4,5,4,5
1,71,4,NA,3,3,1,3,3,2,3
1,72,4,6,3,2,3,3,4,3,3
0,52,2,NA,2,1,3,3,3,3,3
1,52,4,1,3,4,2,4,4,2,3
1,41,4,9,1,3,2,5,5,1,5
0,65,5,7,3,4,3,3,4,4,4
0,57,5,6,2,2,2,2,2,2,4
0,20,2,NA,1,6,2,3,3,3,3
1,44,3,7,1,2,3,3,3,3,3
0,41,2,9,2,2,3,3,3,3,4
0,42,2,2,1,3,3,2,2,2,3
0,44,5,14,2,3,5,5,5,4,4
1,40,1,4,2,1,3,3,3,3,3
0,46,1,12,3,2,5,4,4,4,3
1,72,5,8,3,2,4,4,4,3,4
0,52,5,9,1,3,3,3,3,3,4
1,76,2,4,3,1,3,4,4,3,4
1,32,2,1,2,1,5,5,5,5,4
1,29,3,6,1,3,2,4,3,3,2
1,74,2,6,2,1,4,4,4,4,4
0,60,2,9,1,7,3,3,4,2,3
1,37,4,6,2,4,5,5,5,5,5
0,57,2,12,1,4,4,4,4,4,4
0,75,5,7,2,2,2,4,3,3,4
0,56,3,7,2,2,3,4,4,4,3
1,66,2,2,3,2,4,5,5,4,4
0,67,5,13,1,2,3,4,4,3,2
1,57,4,3,2,2,3,4,4,4,4
0,41,2,2,1,3,1,1,3,1,1
1,23,3,7,1,7,5,4,3,3,4
0,47,2,14,2,4,4,4,4,4,3
0,69,3,9,3,2,5,5,4,4,5
0,69,3,6,2,7,2,3,3,3,3
0,64,5,8,2,2,4,4,4,4,4
1,41,2,2,1,1,4,1,2,1,3
1,75,2,6,3,2,3,5,3,5,5
0,70,5,11,3,2,3,4,4,3,3
0,27,5,8,1,2,3,4,3,3,3
0,64,2,6,3,2,2,3,4,2,4
0,38,5,9,2,2,4,4,4,4,4
0,61,5,12,2,5,5,4,4,3,4
0,39,5,10,2,3,4,4,4,3,3
0,35,5,13,2,1,3,3,3,3,3
1,56,4,1,1,3,3,3,3,3,3
0,50,5,11,2,4,3,4,4,4,4
0,54,2,6,1,2,3,3,4,2,4
0,77,5,8,3,2,2,4,3,3,3
1,37,5,3,1,3,4,5,2,4,3
0,33,5,9,1,4,2,3,2,3,2
1,30,5,1,2,5,4,4,4,4,3
1,62,5,6,2,5,5,5,5,5,5
0,62,6,NA,2,2,3,4,4,4,3
0,24,5,NA,1,3,3,3,3,3,3
1,55,2,4,2,2,4,4,4,5,4
1,50,4,10,1,1,3,3,3,3,3
1,76,5,5,3,1,3,4,4,3,3
1,77,2,3,3,1,3,3,4,3,4
1,54,5,1,2,4,4,4,4,4,4
0,62,5,12,3,1,3,4,3,3,4
1,51,2,3,1,4,4,4,4,4,4
0,56,3,NA,1,2,5,4,5,4,5
1,49,2,NA,2,3,4,3,3,2,2
0,39,5,12,2,2,3,4,4,4,3
0,50,2,NA,1,2,3,3,3,3,3
0,48,5,12,1,5,4,4,4,4,4
0,41,5,10,2,2,3,3,3,3,3
0,66,5,10,3,5,4,4,4,4,4
0,60,3,10,2,3,3,3,3,3,3
1,54,2,NA,1,4,4,4,4,4,4
0,76,6,6,3,1,3,3,3,3,4
1,70,3,8,1,2,5,5,5,4,4
1,73,5,NA,3,2,2,4,4,2,4
1,76,2,6,3,3,4,3,4,3,4
0,51,2,14,2,1,4,4,4,4,4
1,62,3,1,3,7,3,3,3,3,2
0,64,5,2,1,2,4,4,4,3,3
0,47,5,15,3,2,3,4,4,2,4
1,41,2,17,2,3,5,4,5,3,4
0,27,3,NA,1,1,1,1,1,1,1
0,59,5,11,1,2,5,4,4,4,4
0,46,5,NA,2,3,4,4,4,4,4
1,40,5,9,2,3,4,4,4,4,3
1,72,4,2,3,2,3,3,4,4,4
1,61,2,4,1,2,3,4,5,3,4
0,74,5,8,2,2,3,4,4,3,4
1,75,5,5,3,4,1,2,1,1,3
0,44,2,8,1,3,3,4,4,3,4
0,64,5,6,3,4,4,4,4,4,4
0,64,3,NA,2,1,1,1,1,1,1
0,59,1,6,1,3,2,2,3,4,3
1,75,5,3,3,3,3,4,4,3,3
1,77,1,3,3,1,4,2,3,4,2
0,41,5,1,1,5,4,4,4,4,2
0,36,5,NA,1,1,5,4,5,5,3
0,48,2,9,2,5,3,1,3,2,1
1,50,4,6,1,1,4,4,4,4,5
0,65,6,12,2,1,4,3,3,3,3
1,33,5,9,2,3,4,4,4,4,4
0,58,2,2,1,3,4,4,4,4,4
0,55,2,4,1,4,4,4,4,4,2
0,70,5,NA,3,1,3,3,3,3,3
0,58,2,3,1,1,2,4,4,3,4
1,59,2,NA,3,2,3,3,3,3,3
0,65,5,8,3,4,3,3,3,3,3
1,33,5,1,2,3,4,4,4,2,4
1,59,5,2,2,2,3,4,4,2,3
1,44,5,3,2,1,3,4,4,4,4
0,42,4,13,1,7,2,2,2,2,2
1,58,2,4,3,2,4,4,4,4,4
1,50,5,6,2,4,4,4,5,4,4
1,75,4,2,3,2,4,4,4,4,4
0,70,6,7,2,2,3,4,4,2,3
0,43,5,8,1,4,3,3,3,2,3
0,66,5,6,2,3,1,1,1,1,3
1,50,5,3,2,4,4,4,4,4,4
1,76,5,7,2,1,2,4,4,3,4
1,49,2,3,2,1,3,3,3,3,3
1,51,5,8,1,5,3,4,4,4,4
0,21,5,NA,1,4,3,4,4,3,4
1,21,5,2,1,2,2,1,4,3,4
0,71,5,9,3,2,3,4,4,3,4
1,49,4,9,1,1,3,4,4,3,4
1,71,5,NA,1,1,3,3,4,3,3
0,62,5,2,3,3,3,3,3,3,4
1,34,1,1,1,2,2,4,3,3,3
1,55,2,1,3,1,3,4,4,3,4
0,51,5,15,1,2,4,3,4,4,2
0,66,2,7,3,3,3,3,3,3,3
0,55,5,12,3,2,4,4,4,4,4
0,55,NA,NA,1,2,2,3,3,2,2
1,43,4,9,2,1,4,4,2,4,4
0,37,2,10,2,2,5,5,5,5,5
0,56,2,4,1,1,3,3,3,3,3
0,58,2,10,3,1,3,3,4,3,3
1,76,5,7,1,1,3,4,4,4,4
1,74,2,3,1,1,2,3,3,2,3
1,74,2,NA,1,1,4,4,4,3,4
0,75,6,4,3,3,3,4,4,3,4
1,74,2,NA,2,1,3,3,3,3,3
1,49,4,NA,1,4,4,4,4,4,4
0,49,5,16,2,4,4,4,5,4,5
0,74,5,7,3,1,4,4,4,4,4
1,57,4,1,1,1,4,5,4,4,4
1,18,5,1,1,2,4,5,5,5,3
0,76,5,7,3,2,5,4,3,4,4
1,42,2,3,2,4,3,3,3,3,4
0,51,2,1,1,4,3,3,3,3,3
0,48,5,NA,1,4,3,5,5,5,3
0,22,5,1,1,3,4,4,3,3,3
0,66,5,9,3,4,3,4,4,4,4
0,36,5,7,1,6,3,3,3,4,4
1,55,5,3,2,4,3,4,4,3,4
0,28,5,6,1,6,1,1,1,1,3
1,73,2,3,3,3,4,4,4,4,4
0,57,2,8,1,1,3,3,4,3,3
1,70,2,4,3,7,2,4,3,3,3
1,46,5,NA,2,3,5,4,5,3,5
1,23,5,4,1,2,3,4,3,3,4
1,71,2,3,3,2,3,4,4,2,3
0,53,2,7,3,3,2,3,3,3,3
1,74,6,7,3,1,3,3,3,3,3
1,70,5,1,3,1,2,3,5,3,2
0,33,6,11,2,2,3,3,3,4,3
0,37,5,10,2,2,3,3,3,2,2
1,59,2,6,3,2,2,3,3,2,2
1,37,2,1,2,3,4,4,4,3,4
0,50,5,13,2,1,5,5,5,4,4
1,67,5,1,3,5,1,3,3,2,4
1,31,2,NA,1,1,3,3,3,3,3
0,64,2,6,2,1,3,4,4,3,4
0,47,5,6,1,6,3,3,3,3,3
1,41,4,3,1,4,4,4,4,4,4
0,25,5,8,1,3,4,4,4,4,3
0,20,2,2,1,2,4,3,2,4,4
0,26,2,3,1,4,3,3,3,3,3
0,45,5,2,1,7,3,4,4,3,4
1,43,3,6,1,6,2,4,2,4,4
1,28,5,7,1,3,2,4,4,3,4
0,37,5,11,2,3,5,4,5,4,5
0,73,5,6,2,1,4,4,3,3,4
0,41,3,10,1,1,4,4,3,3,3
1,30,5,8,1,4,3,4,3,4,3
0,36,4,10,1,4,2,3,4,3,4
0,26,5,8,1,5,5,4,4,4,4
0,49,5,15,1,2,3,4,5,3,4
0,46,2,8,1,2,3,3,3,3,3
0,55,NA,NA,1,6,2,4,4,2,4
0,55,2,8,2,2,3,4,3,3,4
0,54,5,8,1,4,3,5,5,4,4
1,50,5,6,1,2,4,4,5,3,4
1,71,4,1,3,5,3,3,3,3,3
0,56,5,13,3,4,3,4,4,4,4
1,75,2,3,3,2,3,3,3,2,3
0,44,5,12,2,4,4,4,4,4,4
0,73,5,6,1,1,1,2,3,2,3
1,67,5,3,1,3,4,4,4,4,4
1,76,5,13,2,1,3,3,3,3,2
1,76,5,6,3,2,3,5,5,4,4
0,59,5,19,2,3,3,3,3,3,3
1,52,5,9,2,5,5,5,5,5,5
1,49,4,1,1,2,3,3,3,3,3
1,42,4,1,1,2,3,3,3,3,3
1,56,3,1,1,4,3,4,4,3,3
1,25,5,NA,1,5,5,5,4,5,5
1,58,4,1,2,1,3,2,3,3,3
0,33,5,10,1,4,3,3,3,3,3
1,54,4,1,3,4,3,4,4,4,3
0,41,4,11,2,1,4,4,5,5,4
1,66,5,NA,3,6,3,3,4,3,3
0,74,5,7,3,6,4,4,4,4,4
1,73,2,3,3,2,2,2,3,3,3
0,67,5,14,1,6,3,3,4,3,3
0,38,2,NA,1,5,3,4,4,3,4
1,37,5,8,1,4,4,4,4,4,4
0,64,5,7,2,3,3,5,4,3,3
0,63,2,6,3,2,3,4,4,4,3
0,70,5,NA,3,3,4,4,4,3,3
1,44,2,3,1,4,4,4,3,4,3
1,56,2,NA,1,2,4,4,4,4,4
0,79,2,9,3,2,3,4,4,4,3
1,52,3,1,1,2,3,4,4,3,4
1,79,3,2,3,1,4,3,4,4,4
0,27,5,6,1,6,3,4,4,4,3
0,40,5,NA,1,5,4,3,3,4,4
1,68,2,1,3,3,3,3,3,3,4
1,53,4,3,3,4,2,3,3,1,3
1,33,5,7,2,3,4,4,4,4,5
0,27,5,NA,1,4,3,4,4,4,4
0,26,2,1,1,3,3,3,3,3,4
1,56,4,3,3,4,3,4,4,3,4
1,48,5,4,1,4,5,4,3,4,4
0,27,4,8,1,2,2,4,3,4,3
0,55,5,1,1,4,2,2,3,3,3
0,61,5,11,2,4,4,5,5,5,4
0,57,5,13,2,2,2,4,4,2,4
0,72,5,7,2,4,4,4,4,4,4
0,58,5,13,2,5,4,4,5,1,4
0,64,5,NA,2,3,3,3,3,3,3
0,58,2,NA,1,2,2,3,3,3,3
0,68,2,5,1,2,4,4,4,3,3
0,69,6,NA,3,4,4,4,4,3,4
0,57,3,14,1,3,5,4,5,5,5
0,70,5,NA,3,5,4,3,3,3,3
1,54,4,1,2,1,3,3,3,3,3
1,62,4,1,1,2,3,3,4,3,3
1,41,6,13,1,2,3,4,4,3,3
0,67,2,5,3,2,3,4,4,3,3
0,31,5,4,1,6,1,5,1,1,1
1,44,2,6,1,4,3,3,3,2,3
0,49,5,10,2,3,3,4,4,2,3
1,54,5,7,1,3,4,4,4,3,4
0,25,5,NA,1,3,1,3,3,1,1
0,62,6,6,2,2,4,4,4,3,2
1,75,4,6,3,2,4,4,4,4,4
0,63,5,7,2,2,3,4,4,3,4
0,71,5,5,1,1,2,3,4,2,3
1,45,5,1,1,3,4,4,4,4,3
1,71,5,3,1,3,4,5,5,3,3
1,56,5,4,1,3,3,3,3,2,3
1,61,4,7,1,4,3,3,2,2,3
1,65,2,6,1,2,3,4,4,3,5
1,39,5,9,2,3,3,2,4,3,3
1,52,4,6,2,2,4,4,4,4,4
1,66,2,7,3,2,3,3,3,3,4
0,53,6,13,1,7,3,3,3,3,4
1,54,5,10,2,3,5,4,5,4,4
0,27,6,9,1,4,4,4,2,4,5
0,38,2,NA,1,5,3,4,5,3,4
0,23,5,8,1,5,4,5,2,4,5
0,60,5,13,1,4,4,5,5,3,3
0,49,5,11,2,3,3,3,4,3,3
1,65,4,NA,3,2,3,4,4,3,2
0,53,2,NA,1,1,3,3,4,3,3
1,69,2,3,3,2,2,4,3,2,3
1,66,2,4,3,2,2,3,4,2,2
1,77,4,6,2,2,3,3,4,3,3
0,36,5,11,2,2,4,4,4,4,4
1,63,5,1,3,1,3,4,4,3,4
0,48,5,13,1,4,2,4,4,4,3
1,74,2,7,3,6,3,3,3,3,3
0,68,5,NA,1,1,4,4,4,4,4
0,28,5,8,1,3,4,5,3,4,2
0,54,5,14,2,4,4,5,4,4,1
1,31,5,8,1,1,3,4,4,4,4
0,77,5,10,1,2,3,4,4,3,4
1,68,5,5,3,2,3,5,5,3,3
0,53,5,9,2,3,4,4,4,4,2
1,58,4,NA,1,2,3,4,4,3,3
1,56,2,6,3,1,3,5,5,4,3
1,74,2,6,1,4,3,3,3,3,4
0,54,5,7,1,2,4,3,3,4,4
1,58,4,4,2,2,4,4,4,4,3
0,65,5,6,2,4,2,2,2,2,3
1,76,2,3,3,1,3,5,5,3,4
0,52,NA,9,2,2,1,1,3,1,3
1,70,5,2,1,2,3,5,5,4,3
1,61,2,2,3,3,3,3,3,3,3
0,57,5,12,2,2,3,3,3,3,2
0,43,6,NA,2,2,3,3,3,3,4
1,66,5,6,2,1,3,3,3,3,3
0,28,5,9,1,5,4,4,4,3,4
1,74,2,7,3,5,3,4,4,3,3
1,68,5,6,3,1,2,2,4,3,3
1,55,4,6,1,1,3,3,3,3,3
0,71,5,NA,3,3,2,3,3,2,3
1,77,2,4,1,2,3,4,3,3,4
1,28,6,4,2,4,3,3,4,3,4
1,74,2,3,3,4,3,4,5,4,4
1,59,5,1,3,4,4,3,3,3,4
1,77,2,6,3,1,4,4,4,4,1
0,70,5,NA,3,3,3,3,4,1,3
0,61,3,10,1,1,4,4,3,4,3
1,72,4,5,3,2,3,4,4,3,4
1,69,5,6,3,4,3,4,4,3,5
0,32,5,8,1,2,4,3,3,2,3
1,62,4,1,1,1,3,3,3,3,4
0,54,2,10,2,4,4,3,3,3,4
0,50,5,NA,1,1,4,5,4,4,4
1,46,5,NA,1,4,5,5,5,5,5
1,46,5,6,2,2,4,4,4,4,4
0,37,5,10,2,4,3,4,4,2,2
0,77,5,12,3,2,2,4,4,2,3
0,46,5,6,1,4,2,3,4,3,2
1,72,2,3,2,1,3,2,3,2,3
0,63,3,6,2,3,3,3,3,3,3
1,60,4,4,2,2,3,3,3,3,4
0,25,5,9,1,3,3,4,4,3,3
0,63,5,1,2,2,4,4,4,4,4
0,77,4,7,3,1,3,4,4,3,4
1,49,2,NA,1,2,2,2,2,1,1
1,41,4,NA,1,4,3,3,3,3,4
1,73,5,6,3,1,4,4,4,4,4
0,24,4,NA,1,4,3,3,3,2,3
0,47,5,18,2,3,2,4,2,3,2
1,57,2,1,1,1,3,4,4,4,3
1,38,4,8,1,4,4,3,4,3,4
0,45,5,5,1,3,3,3,3,3,3
1,50,4,2,1,4,4,4,4,4,4
0,27,5,7,1,6,4,4,3,3,4
1,33,5,1,2,3,4,4,3,3,2
1,39,5,8,1,3,3,3,2,3,3
1,70,5,3,2,2,4,4,5,4,4
0,61,3,10,3,3,4,4,3,4,4
1,50,2,1,3,3,3,3,3,3,3
1,57,5,7,1,2,3,4,5,4,4
0,38,5,7,1,3,4,4,4,4,3
0,63,5,9,2,2,5,5,5,5,5
0,26,2,NA,1,4,1,3,3,1,1
1,74,2,3,2,4,2,3,4,2,3
1,62,5,8,1,4,3,4,4,3,4
1,47,2,1,1,3,4,4,4,4,4
0,71,5,7,1,3,3,3,3,3,3
0,76,5,7,2,1,3,4,4,3,3
0,48,2,1,1,4,4,4,3,3,4
1,70,5,12,1,1,1,1,1,1,1
1,70,3,7,2,1,4,3,4,4,4
1,73,NA,3,2,1,3,3,3,3,3
0,51,3,7,2,2,4,4,4,4,4
1,67,2,2,3,2,2,2,4,2,3
1,57,5,6,2,5,4,3,3,3,2
0,45,NA,14,2,1,4,1,1,1,1
0,39,5,10,2,2,4,4,4,4,4
0,47,5,8,1,3,4,4,4,4,3
0,64,2,8,1,2,3,3,3,3,3
1,53,2,2,2,1,4,4,3,4,4
1,63,4,7,1,2,2,3,3,3,3
1,53,4,10,3,2,4,4,5,5,4
1,54,2,8,1,4,3,4,4,5,4
1,51,5,2,2,3,4,5,4,4,4
0,38,1,1,1,4,3,2,2,2,3
0,71,5,13,3,3,2,4,4,2,4
1,63,5,NA,2,2,3,3,4,3,3
0,49,5,11,1,3,4,4,4,3,4
0,74,5,5,2,4,3,3,4,3,3
0,59,3,11,3,2,3,4,4,3,4
0,36,5,19,2,3,5,5,5,5,4
1,41,6,5,1,5,3,4,4,4,4
0,52,5,8,2,5,3,3,4,4,3
1,67,5,6,1,2,3,4,4,4,4
1,55,2,2,1,7,3,4,4,3,3
0,56,2,9,2,2,3,3,3,3,3
1,30,5,1,1,1,4,2,3,3,3
1,44,NA,11,2,1,4,4,5,4,3
0,29,5,8,1,3,4,3,3,4,3
0,59,5,11,3,3,4,4,4,3,3
1,71,5,6,3,2,3,4,3,3,4
1,26,5,7,1,2,2,4,4,3,4
0,63,2,3,3,3,3,3,3,3,4
0,29,5,8,1,4,3,4,4,4,3
0,34,6,9,2,3,4,3,3,4,3
0,79,5,8,2,1,4,4,5,4,5
0,28,5,1,1,7,1,1,1,1,1
0,71,4,8,3,2,3,3,4,3,4
0,53,5,8,2,5,2,4,4,4,2
1,54,2,1,1,3,3,3,3,3,4
1,51,5,NA,2,2,3,4,4,4,4
1,28,4,6,1,3,4,4,4,4,5
1,64,2,NA,2,2,4,4,4,4,4
0,22,2,7,1,3,3,4,4,4,4
0,69,5,7,2,3,2,4,4,3,3
0,70,2,6,3,1,2,3,3,3,3
1,54,2,1,2,2,2,3,4,2,4
0,77,1,6,3,5,2,4,4,3,4
0,56,6,10,2,2,5,5,5,5,5
1,72,2,3,3,1,5,5,2,1,5
0,66,6,7,3,4,4,4,2,3,4
1,29,6,8,1,3,3,4,4,3,4
0,75,4,4,3,5,3,4,4,4,3
0,58,6,14,1,2,3,3,3,3,4
0,49,2,9,2,2,4,3,4,4,3
1,26,5,7,1,4,4,4,4,4,4
0,30,5,16,1,2,3,4,3,2,3
0,54,5,13,1,4,4,4,3,3,4
0,35,2,10,1,6,2,2,3,2,2
0,34,NA,NA,1,7,1,1,1,1,1
0,65,2,7,3,2,4,4,4,4,5
0,49,4,NA,2,3,3,4,4,3,3
1,56,4,1,1,2,1,3,3,3,3
1,42,2,3,2,2,5,4,4,5,4
0,68,4,8,2,4,3,4,4,3,4
0,69,5,8,3,2,4,4,4,3,4
0,32,6,9,2,4,4,4,4,4,3
1,30,3,8,1,5,5,5,5,5,5
0,64,2,6,3,1,4,4,3,4,4
0,49,5,9,1,1,4,4,4,3,4
1,47,4,NA,1,2,4,4,5,4,4
0,26,2,6,1,4,5,4,3,2,4
1,45,4,8,1,1,4,4,4,4,4
0,29,5,1,1,1,3,3,3,2,3
1,70,5,3,3,1,2,4,4,3,4
0,49,5,10,2,4,3,4,4,3,4
0,21,5,3,1,4,5,4,5,5,4
0,28,NA,NA,1,1,1,1,1,1,1
0,59,6,15,3,4,4,4,4,4,5
1,55,2,2,1,5,3,4,4,4,5
1,29,3,9,1,2,3,4,4,4,4
0,28,1,4,1,5,4,4,5,4,4
0,39,5,8,1,2,1,4,3,2,2
1,35,4,13,2,3,4,1,4,3,1
0,76,5,8,3,1,4,4,5,4,4
1,71,2,4,2,1,4,4,4,3,4
0,51,1,7,3,3,3,4,4,4,3
1,68,2,1,3,1,3,3,3,3,4
0,73,5,8,3,3,3,4,4,4,4
1,73,5,NA,3,4,3,4,4,3,4
1,53,4,NA,3,3,3,3,3,3,3
1,39,5,7,1,3,4,4,4,3,2
1,27,6,8,1,3,2,4,3,3,3
0,67,5,1,3,4,4,5,5,5,4
1,61,3,4,1,2,2,3,2,2,4
0,55,6,16,2,4,3,4,4,4,4
1,71,2,3,1,2,2,3,4,2,3
1,33,2,3,1,4,4,4,4,4,4
0,51,1,10,1,3,3,3,3,3,3
1,44,5,2,2,3,3,2,2,2,3
0,26,5,11,1,4,4,5,5,4,4
0,34,5,11,2,5,4,2,4,4,3
0,71,5,8,2,4,2,3,3,2,4
0,29,4,7,1,4,3,4,4,3,2
1,63,2,4,3,6,3,4,5,4,3
1,50,4,7,1,2,4,4,5,3,3
1,75,5,6,1,2,1,4,3,2,5
1,54,4,6,2,4,3,3,3,3,3
1,76,4,2,3,1,4,4,4,4,4
0,26,6,9,1,4,3,4,4,3,3
0,58,5,13,2,3,4,4,4,4,3
0,40,5,11,1,5,4,4,4,4,3
0,45,5,8,1,3,4,4,4,4,4
1,63,2,1,3,2,3,4,4,3,4
0,60,3,10,2,5,3,4,4,2,4
0,60,2,6,2,3,3,3,3,3,3
0,73,2,7,3,1,3,4,4,3,3
1,70,5,NA,3,3,3,4,4,3,3
0,37,NA,NA,1,2,4,4,4,3,5
0,45,5,7,1,7,3,5,5,3,3
1,64,2,3,3,2,2,3,4,4,3
0,71,2,6,2,3,3,2,4,2,4
1,55,4,1,3,3,2,2,2,1,3
0,49,5,12,2,4,4,5,5,4,5
1,23,2,1,1,4,3,3,3,4,3
0,28,5,8,1,3,3,2,2,2,4
1,54,4,NA,1,1,1,1,1,1,1
0,75,5,NA,2,2,4,4,4,3,4
0,52,6,13,1,3,5,5,5,5,5
1,78,2,4,2,1,4,4,4,3,4
0,54,6,NA,1,2,2,4,4,2,3
1,66,4,4,3,1,2,4,3,3,3
0,30,NA,NA,1,7,3,2,1,3,5
1,38,5,7,2,1,4,3,2,3,2
0,54,2,1,1,3,3,3,3,3,3
0,59,2,7,1,2,1,1,1,1,3
0,77,6,8,3,2,4,3,4,4,5
0,22,5,6,1,4,4,4,4,4,4
0,50,3,12,1,4,1,4,4,4,4
0,22,6,1,1,3,1,2,3,1,4
0,45,6,12,2,4,4,3,4,3,3
0,62,4,7,3,2,2,2,2,2,3
1,77,2,4,3,2,3,4,4,4,4
0,53,5,7,1,4,3,4,5,4,4
1,23,5,NA,1,2,4,4,4,5,5
1,52,4,6,1,3,4,4,4,4,4
1,62,4,7,3,1,3,3,3,3,4
1,26,5,11,2,7,4,4,4,3,4
0,47,2,9,2,2,4,5,5,4,2
0,36,2,1,1,3,3,4,4,3,4
0,24,5,1,1,7,5,5,5,5,5
0,23,5,5,1,1,3,4,4,4,4
1,46,NA,7,2,3,3,4,4,3,4
0,24,2,11,1,2,3,2,3,3,2
1,29,5,4,2,3,3,4,4,3,3
0,24,5,9,1,3,2,4,5,3,3
0,54,5,11,1,2,3,3,4,2,3
0,64,5,7,3,4,3,3,3,2,2
0,54,2,9,2,1,3,2,4,3,3
1,37,5,10,1,3,4,4,4,3,4
0,46,3,6,1,4,1,2,2,2,4
0,62,2,13,2,1,4,4,4,4,4
0,28,2,9,1,2,3,4,3,3,2
1,47,2,7,2,2,4,4,4,4,4
1,57,5,3,1,1,4,4,3,4,4
0,54,6,11,1,3,3,4,4,4,3
0,75,3,6,1,5,4,3,2,4,2
1,60,2,3,3,2,3,4,4,3,3
0,60,5,13,2,2,3,4,4,3,4
1,48,4,1,2,2,3,4,4,4,4
0,70,5,4,1,2,4,4,4,4,5
0,67,NA,NA,1,1,2,3,3,2,3
0,60,5,1,3,6,4,3,4,3,3
1,72,5,6,1,1,4,4,4,3,4
0,53,5,7,1,2,4,3,3,2,3
0,54,6,NA,2,1,3,4,4,4,3
1,75,5,NA,3,1,4,4,5,4,2
1,75,2,3,1,1,3,4,4,3,4
0,21,1,1,1,6,4,4,5,2,3
0,22,2,7,1,3,3,4,2,3,3
1,34,5,8,1,2,4,4,4,4,3
0,29,5,NA,1,4,3,4,4,4,4
0,41,5,11,1,2,4,5,4,4,5
0,62,6,10,3,2,5,5,5,5,5
0,40,5,10,2,6,5,4,4,4,4
0,63,1,NA,1,2,3,4,4,3,4
0,51,5,12,2,1,4,4,3,3,3
1,42,2,NA,1,4,3,4,4,3,4
0,59,5,8,1,6,3,4,4,3,4
0,48,2,NA,2,2,3,3,4,4,4
1,40,2,7,1,2,4,4,3,4,4
1,50,5,4,2,3,3,4,4,3,4
0,29,2,11,1,7,3,4,4,4,3
1,25,5,6,1,3,3,4,4,4,4
0,25,2,4,1,4,3,4,3,3,3
0,74,5,6,3,2,3,3,4,3,4
0,75,2,NA,3,1,3,4,4,3,4
0,65,5,12,3,5,3,4,4,3,4
1,27,5,10,1,3,3,3,2,2,3
1,41,2,14,2,3,4,4,4,3,4
0,51,5,12,1,1,4,4,5,4,4
1,72,2,2,2,1,3,3,3,3,3
0,64,5,11,3,2,3,3,3,3,3
0,39,2,8,1,2,3,4,4,4,4
0,49,6,8,1,2,3,4,3,4,4
1,69,5,3,3,3,4,4,4,4,4
0,73,2,8,3,2,3,4,4,3,3
0,48,5,9,1,4,3,4,4,3,3
1,50,2,4,1,3,4,2,2,4,4
1,36,2,NA,2,4,4,4,4,4,4
0,71,4,NA,1,1,4,3,4,3,4
1,75,5,8,1,2,4,4,4,4,4
0,57,5,11,1,2,4,5,5,4,5
1,26,6,7,1,4,4,5,4,5,2
1,71,2,2,3,1,3,3,3,2,3
0,51,6,10,1,1,3,3,4,3,4
1,32,5,12,2,1,4,5,4,4,4
1,35,5,7,1,3,4,4,4,4,4
0,79,6,8,3,4,2,3,3,1,3
0,27,2,7,1,4,1,5,5,1,5
0,63,3,9,3,3,2,4,4,3,2
1,72,5,1,3,3,3,4,4,3,5
0,62,2,10,3,3,4,4,4,4,4
0,57,2,NA,3,7,5,4,4,3,4
0,75,5,7,2,1,1,2,2,2,3
0,77,NA,NA,1,5,3,4,4,2,3
1,43,5,8,2,1,3,4,4,3,4
0,34,2,1,1,4,1,1,3,2,3
0,39,5,NA,1,2,2,1,2,5,5
0,63,2,9,3,4,5,4,4,4,4
0,35,2,7,2,7,1,1,1,1,4
1,45,4,8,1,3,4,4,4,4,4
0,74,2,8,3,3,4,4,4,3,4
0,56,5,12,2,2,5,5,5,5,4
1,24,5,1,1,4,3,4,4,4,4
0,28,5,8,2,2,3,3,3,3,3
0,53,5,9,2,4,3,4,2,3,4
1,35,1,3,1,1,4,4,4,4,5
1,53,5,4,2,1,3,3,3,3,4
1,41,5,7,1,1,2,4,3,1,4
1,75,5,NA,3,1,4,5,4,4,4
1,46,2,7,3,3,3,4,4,2,4
0,35,6,9,2,1,2,4,4,4,4
0,72,6,11,2,3,4,4,4,3,4
0,37,5,10,1,2,5,4,5,5,5
1,32,5,9,1,4,3,4,4,3,4
0,76,5,7,3,1,3,3,3,3,3
0,49,5,12,3,4,3,4,4,4,3
0,75,2,7,3,2,3,4,4,4,4
1,71,5,3,2,2,4,4,4,4,4
0,57,5,NA,1,2,4,4,4,4,3
1,69,5,2,3,2,3,4,4,3,3
1,58,3,NA,2,5,4,4,4,4,4
1,51,4,6,2,3,3,4,4,3,4
1,76,5,2,3,2,4,3,3,3,4
1,37,5,3,2,5,1,3,2,3,2
1,37,5,3,2,2,3,2,3,3,4
0,31,4,9,1,4,2,5,3,4,3
1,40,5,5,2,2,4,4,4,3,4
0,36,2,10,2,3,3,4,4,3,3
1,66,2,NA,2,1,3,4,4,4,4
1,39,4,2,2,3,2,3,2,3,4
0,57,5,10,1,3,3,4,3,3,3
0,59,2,7,1,2,2,3,4,3,3
1,41,5,8,2,3,4,4,4,4,3
1,50,2,3,1,1,3,4,3,3,4
0,54,2,10,1,1,3,3,4,3,5
1,69,4,6,3,2,5,5,5,5,5
1,27,NA,4,1,6,5,5,4,5,4
0,37,5,9,2,5,2,2,2,3,4
0,46,5,9,1,5,3,3,3,3,3
1,52,2,7,3,5,4,4,4,4,4
1,71,4,3,1,4,3,3,3,3,3
1,58,4,3,2,6,4,4,4,4,4
0,46,2,6,1,3,2,4,4,4,4
0,36,5,6,2,2,2,3,3,2,4
1,27,4,3,2,1,4,4,1,2,3
1,59,4,1,1,2,5,5,5,5,5
1,68,2,1,3,1,3,3,4,2,4
1,71,2,15,1,1,4,4,4,4,4
0,29,3,7,1,6,3,3,3,3,3
0,48,2,10,1,3,5,5,4,4,4
1,44,4,1,1,1,1,2,3,1,2
0,53,2,8,1,1,3,3,3,3,3
1,45,5,3,1,2,5,5,5,4,4
0,48,5,18,2,4,4,4,2,3,2
0,45,5,13,1,5,3,4,4,3,1
0,46,2,9,1,6,4,4,1,3,3
0,69,NA,11,1,4,3,3,3,3,3
1,50,4,7,1,4,4,4,5,3,4
0,25,5,10,1,2,4,4,4,3,4
0,28,5,8,3,3,4,3,3,4,4
1,59,4,3,1,2,5,5,5,4,4
0,33,5,8,1,1,3,4,3,3,4
0,61,5,7,3,2,3,3,4,3,3
1,44,3,2,2,3,2,4,4,3,4
1,60,5,NA,2,2,1,1,1,3,5
0,48,2,1,1,7,2,3,3,2,2
0,29,2,3,1,5,4,3,4,4,3
0,33,2,NA,1,6,4,4,4,4,4
0,67,5,NA,2,4,3,3,4,4,3
1,28,2,2,1,5,2,5,4,2,3
0,71,5,1,1,4,2,4,4,4,4
1,60,5,12,2,2,4,4,4,4,4
0,53,2,NA,2,3,3,4,4,4,4
1,76,3,3,3,2,4,5,4,4,4
0,55,2,NA,2,1,3,4,4,3,3
0,49,3,10,2,2,3,4,3,3,4
0,68,5,14,3,2,4,4,4,4,4
0,58,2,10,3,4,4,4,4,4,4
1,46,5,NA,1,2,3,4,4,3,4
0,31,5,12,1,4,4,4,4,4,4
0,48,2,3,2,3,3,4,4,3,5
0,47,5,NA,2,4,3,3,4,3,4
0,75,6,7,3,3,4,4,4,4,5
0,77,5,7,2,4,3,3,3,2,2
1,43,4,6,1,1,4,4,5,4,4
1,32,5,7,1,2,3,4,4,3,4
1,58,4,6,3,2,3,3,3,3,3
0,32,5,8,2,3,3,4,3,5,4
0,62,5,8,2,3,3,5,5,4,4
0,73,5,8,3,1,2,4,4,4,4
0,75,5,6,2,1,3,2,3,2,2
0,25,5,7,1,6,5,5,5,2,5
0,69,5,7,3,2,3,4,4,3,4
1,24,5,8,1,6,4,5,4,4,4
0,71,2,1,2,1,2,4,4,4,3
1,40,1,1,2,2,4,4,4,4,4
1,70,2,3,3,6,1,4,4,2,4
1,32,2,8,2,2,3,4,3,3,4
1,72,4,6,3,1,3,4,4,3,4
1,26,NA,9,1,6,4,5,3,4,3
0,29,2,9,1,5,4,3,4,4,5
1,48,2,NA,1,3,4,5,4,3,4
0,36,2,9,1,6,3,2,3,4,3
0,75,2,7,3,6,2,2,2,2,2
1,76,2,6,3,2,3,3,3,3,3
0,51,4,8,1,3,1,3,1,1,3
0,74,2,7,3,1,1,3,3,1,2
0,34,2,9,1,3,3,3,4,4,2
0,70,5,8,3,2,2,4,4,3,3
1,59,5,11,2,2,4,4,4,4,2
0,36,1,1,1,3,3,3,3,3,4
1,43,5,12,1,5,5,4,4,5,5
1,46,5,NA,1,5,3,3,3,3,3
0,60,5,15,1,1,5,5,5,5,4
1,36,5,NA,2,1,2,4,4,2,2
1,66,5,6,2,1,4,2,4,4,4
1,40,3,5,2,7,4,4,4,4,2
1,39,3,3,1,1,3,4,4,4,4
1,31,5,8,2,6,2,4,4,4,4
1,70,2,NA,3,2,4,5,4,4,3
1,63,3,2,3,4,4,4,4,4,4
0,64,3,1,3,5,4,3,5,5,4
0,44,2,12,2,4,4,5,4,4,4
0,53,5,3,1,4,4,4,3,4,3
0,62,4,6,2,4,1,1,1,1,1
1,26,4,1,1,3,4,4,4,3,3
0,56,2,9,2,5,4,4,4,4,4
1,55,5,4,1,1,3,2,3,3,4
0,51,2,13,2,2,4,4,4,4,4
0,35,5,11,2,2,3,3,3,3,3
0,33,2,9,1,7,3,3,4,3,3
0,46,NA,8,1,7,1,1,3,1,1
0,58,5,16,3,5,5,4,4,4,2
1,27,5,8,1,3,2,4,3,2,4
0,29,5,9,1,4,3,3,4,3,3
0,63,2,11,2,1,2,4,4,2,3
0,75,6,10,3,1,5,5,5,5,5
0,65,5,NA,3,3,3,4,4,4,4
1,26,5,8,1,4,5,5,4,5,5
0,34,2,10,2,7,3,4,4,4,4
1,41,4,6,2,1,2,2,3,3,4
0,46,2,11,2,3,4,4,4,4,4
1,45,3,10,3,4,4,4,4,5,5
0,67,5,6,1,2,2,3,3,2,3
0,53,2,13,1,4,3,4,4,3,3
1,22,5,1,1,2,4,4,4,4,3
1,71,2,5,3,4,3,4,4,4,4
1,57,5,NA,3,1,3,4,3,4,4
1,64,2,2,2,3,4,4,4,4,4
1,51,2,8,2,3,4,4,4,3,3
0,67,5,8,1,2,2,4,5,2,2
1,64,4,9,2,1,2,3,4,2,3
1,26,5,8,1,2,4,5,5,4,4
0,37,2,18,1,1,4,3,3,4,3
0,36,5,7,1,4,3,4,4,3,3
1,61,5,6,2,4,3,3,3,3,4
1,64,5,4,3,3,4,4,3,4,4
0,72,5,NA,3,2,3,4,3,3,5
1,66,2,3,3,5,5,4,5,4,5
1,48,4,NA,2,2,3,4,4,3,4
1,41,5,NA,2,6,4,4,4,4,4
0,41,2,9,2,4,4,4,4,4,4
0,52,2,9,2,2,5,4,5,3,3
0,54,5,9,3,5,3,4,4,4,4
1,45,2,8,1,1,2,2,2,2,2
0,58,1,NA,1,2,4,4,4,4,1
0,24,1,2,1,2,3,3,3,3,4
1,51,3,6,2,1,4,4,3,3,4
0,62,5,8,1,3,3,4,4,3,4
1,37,6,11,2,2,4,4,4,4,4
1,42,2,9,1,2,3,4,4,3,4
0,29,NA,NA,1,5,3,4,5,4,3
0,28,2,8,1,3,5,5,4,5,4
0,47,5,13,2,4,3,4,4,4,4
0,19,5,2,1,5,3,3,3,3,3
1,28,5,8,1,4,2,4,4,3,4
0,51,2,8,1,3,2,3,3,3,3
0,69,5,NA,2,1,3,3,3,3,3
1,75,5,2,3,1,4,4,4,4,4
0,70,5,6,3,3,5,4,4,3,4
1,45,4,6,1,4,2,3,4,2,4
0,43,2,9,1,2,4,4,3,3,4
0,35,2,3,1,2,2,3,3,2,2
1,75,2,7,3,1,3,4,4,3,4
0,26,5,9,1,3,3,4,4,3,3
1,24,5,7,1,1,3,3,3,3,3
1,67,5,1,3,4,4,3,4,3,4
1,29,5,9,1,1,3,3,2,1,3
1,65,4,9,1,2,3,3,5,4,4
0,49,2,11,1,2,3,4,4,3,4
1,54,2,1,1,1,2,3,3,3,3
0,27,2,6,1,4,3,4,4,4,3
1,59,5,14,3,2,5,4,4,4,4
0,25,5,8,1,4,4,4,4,4,4
0,66,5,7,1,4,4,4,4,3,4
1,75,2,9,3,5,2,2,2,3,1
0,49,2,7,2,4,4,4,4,4,3
1,70,4,1,3,1,4,4,5,4,4
1,29,2,7,1,3,3,4,4,4,3
0,47,5,8,2,4,2,4,4,4,4
0,20,5,1,1,4,4,3,4,3,4
0,64,5,NA,2,2,3,3,3,3,3
0,33,6,9,2,3,3,3,3,3,2
1,55,4,NA,1,1,3,4,4,3,4
0,64,5,8,2,2,3,3,3,3,3
1,40,5,NA,1,2,2,4,5,3,4
0,63,5,7,3,1,4,4,4,3,3
0,33,5,4,1,2,1,1,1,1,3
0,61,6,9,1,2,4,3,4,3,5
1,25,5,7,1,2,4,4,4,4,4
0,46,5,4,1,1,3,3,3,3,4
1,47,3,7,1,1,3,3,4,3,3
1,74,4,3,3,1,3,4,4,3,4
0,64,5,19,2,2,4,4,4,4,4
0,67,5,8,2,1,3,4,4,4,4
1,50,4,8,1,2,5,4,4,4,4
0,58,5,7,1,2,4,4,3,2,2
0,74,2,6,1,2,3,4,4,3,4
1,39,5,8,1,1,5,5,5,5,5
1,78,3,2,3,3,4,3,4,2,3
1,33,4,6,1,3,4,4,4,4,4
1,65,2,4,3,2,3,4,3,3,4
0,49,2,11,2,2,2,4,3,2,3
0,50,6,14,1,5,4,4,5,4,4
0,50,5,13,1,3,3,4,4,3,4
1,51,1,1,1,7,4,4,4,2,4
0,28,5,2,1,5,3,3,3,3,3
1,48,5,7,1,2,3,4,4,3,4
1,53,6,NA,2,2,4,4,4,3,4
0,55,2,13,2,3,4,4,4,4,4
1,65,4,2,3,3,3,4,4,3,3
0,44,5,13,1,4,3,4,4,4,4
1,59,2,4,1,1,3,3,3,3,3
1,49,3,8,2,3,3,5,5,3,3
0,56,5,12,2,2,4,4,4,3,4
0,69,2,9,1,2,3,4,4,3,4
0,39,1,NA,2,3,3,4,5,2,2
1,73,5,3,3,2,3,4,3,3,3
1,61,5,NA,2,2,4,4,5,4,4
0,54,5,9,1,1,3,3,3,3,3
0,76,5,4,3,2,4,4,4,2,3
1,59,4,4,3,2,3,3,4,3,3
1,50,4,3,1,2,3,3,3,3,4
0,54,2,NA,3,1,4,4,4,3,3
0,71,2,7,3,2,2,3,3,2,2
0,46,5,16,2,3,3,4,4,3,3
1,23,5,7,1,2,3,4,4,4,4
0,70,5,13,2,2,4,4,4,4,4
1,36,4,4,2,3,4,4,4,4,4
0,58,2,11,3,2,3,3,4,3,2
1,77,6,7,1,2,5,4,4,5,4
0,66,5,8,2,4,3,3,3,3,3
1,24,5,7,1,5,4,4,4,3,4
1,71,5,6,2,3,3,3,3,3,3
0,65,5,1,1,1,3,3,3,3,3
0,60,2,7,1,3,3,3,3,3,4
0,73,5,7,3,3,3,4,4,3,4
1,33,5,7,1,2,4,4,4,5,4
1,54,6,11,1,3,4,3,4,3,3
0,53,4,8,2,2,3,4,4,3,3
0,32,2,9,1,4,2,3,3,3,3
0,74,3,12,3,3,3,3,3,2,4
0,65,2,9,1,1,3,4,4,2,3
0,57,6,NA,2,3,4,4,4,4,4
0,49,5,11,1,2,4,4,4,3,3
1,29,5,4,2,2,4,4,4,4,4
1,63,2,7,3,1,4,3,4,4,2
1,71,4,NA,3,2,3,4,4,4,4
1,28,5,8,1,3,4,5,4,4,4
0,47,5,10,2,2,3,3,3,3,4
0,29,5,8,1,2,1,1,1,1,1
0,42,6,12,1,4,2,3,3,2,2
0,60,2,6,1,2,1,2,2,1,1
0,37,5,13,1,4,4,5,4,2,4
0,41,6,10,1,4,3,5,4,4,3
0,51,2,1,1,1,2,1,1,2,4
1,60,5,1,3,2,4,4,4,4,4
0,58,4,9,2,4,3,4,4,3,4
1,56,3,NA,1,3,3,3,3,3,4
1,21,2,NA,1,2,3,4,3,2,4
0,72,2,5,1,1,2,2,2,2,3
0,24,5,7,1,7,1,1,1,1,1
0,55,5,9,2,5,4,3,3,4,4
1,62,2,6,3,2,3,4,4,4,4
1,57,5,6,1,4,3,4,4,4,4
0,52,5,13,2,2,3,3,4,2,3
0,58,5,1,1,5,3,4,4,3,3
0,40,6,14,1,3,3,3,2,3,3
1,47,2,4,2,1,2,3,3,4,3
0,29,2,2,1,7,3,3,3,3,3
1,57,2,3,2,1,4,4,4,4,4
0,57,5,14,1,3,5,5,5,5,5
1,78,5,5,3,1,2,3,4,2,3
0,65,5,5,2,4,2,3,4,2,3
1,62,4,4,2,3,4,4,4,4,4
1,47,2,6,2,5,3,4,4,4,4
1,55,5,2,3,2,3,3,4,2,4
1,34,5,7,1,3,3,3,3,3,3
0,74,5,7,3,2,5,5,5,5,5
1,32,2,1,2,2,3,4,2,4,3
0,50,5,8,2,4,3,3,3,2,3
1,56,2,6,3,1,4,4,4,3,4
1,27,4,8,1,4,5,5,5,4,5
1,34,2,4,1,2,5,3,3,4,3
1,39,5,NA,1,4,4,4,4,4,4
0,28,5,19,1,2,5,5,5,4,4
1,41,2,1,1,2,4,3,4,3,3
1,49,5,NA,2,1,2,3,2,3,3
0,70,2,NA,3,4,3,3,3,2,3
0,30,5,8,2,4,3,5,4,4,3
0,37,3,9,2,4,5,5,5,5,5
1,44,5,NA,2,1,3,3,3,3,3
1,60,5,NA,3,3,4,3,3,4,3
0,52,5,9,2,3,2,4,4,3,4
0,45,2,11,2,2,5,5,5,5,5
0,43,2,13,2,1,3,3,3,3,3
0,44,5,12,2,4,4,4,4,4,4
0,28,5,9,1,4,3,4,4,3,3
0,72,5,6,3,2,4,4,3,3,4
0,35,6,10,1,4,4,4,5,3,4
0,61,5,NA,3,2,3,4,4,4,4
1,51,4,NA,1,2,3,4,5,3,3
1,68,3,3,3,2,3,3,3,3,2
0,53,2,11,2,5,4,3,4,3,3
1,48,5,12,1,4,3,3,3,4,4
0,59,2,8,1,2,3,4,4,3,3
0,43,5,12,2,3,4,5,4,5,5
0,57,5,NA,2,1,4,3,3,4,3
1,52,6,10,3,2,4,4,4,4,4
1,39,5,9,2,4,4,4,4,4,4
1,75,4,6,3,1,4,4,4,3,4
0,48,2,11,3,4,2,2,3,2,4
1,50,5,6,1,2,3,3,3,3,4
1,51,5,19,2,4,2,4,4,3,5
1,30,2,7,1,2,3,3,3,3,3
0,61,2,7,3,3,2,3,2,1,5
0,69,5,7,3,4,3,4,4,4,4
1,49,2,2,2,3,2,3,4,2,3
1,72,5,3,3,2,4,4,4,3,4
1,73,5,4,2,5,1,1,1,2,1
0,52,6,15,1,5,2,4,4,4,4
0,58,2,10,3,5,2,2,3,1,2
0,48,6,9,1,1,3,3,4,3,3
0,47,4,9,1,2,4,4,4,3,4
0,41,5,8,3,2,4,4,3,4,3
0,56,5,NA,2,2,4,4,4,3,3
1,32,4,1,2,3,3,3,4,3,3
0,57,5,13,1,2,3,3,3,3,3
0,78,2,7,2,4,4,4,4,4,4
1,51,5,7,1,2,3,4,4,3,3
0,45,1,10,2,3,4,5,5,5,5
1,62,2,7,1,1,2,3,4,2,3
0,55,5,13,2,3,4,4,4,5,4
0,46,5,12,2,2,4,4,4,4,4
0,74,2,9,3,1,3,4,4,3,3
0,77,3,8,3,1,4,3,4,4,4
0,67,6,6,3,1,2,3,3,3,2
0,30,NA,7,1,2,3,3,3,3,3
1,46,5,8,1,2,4,4,4,4,4
0,58,5,NA,1,2,4,4,4,4,4
0,51,5,19,2,4,4,3,4,3,3
0,24,5,8,1,6,4,4,5,5,5
0,43,5,9,1,4,3,4,4,4,4
0,49,5,11,1,4,2,4,3,2,3
1,45,5,1,2,3,4,3,4,3,3
1,49,2,10,1,3,4,4,4,4,4
1,33,5,8,1,3,4,5,4,5,4
1,40,5,4,1,2,3,4,3,3,3
1,49,5,2,2,5,4,5,5,4,4
0,23,2,7,1,2,4,4,4,4,4
0,33,5,8,1,3,3,2,3,3,4
0,59,6,12,2,4,2,3,4,2,3
1,37,4,7,2,2,3,3,3,3,2
0,72,5,NA,1,3,2,4,3,1,2
0,55,2,9,2,2,4,4,4,4,4
1,70,2,4,2,2,3,4,4,4,4
0,57,5,15,2,2,3,3,4,2,3
0,77,2,NA,3,2,4,4,4,4,4
1,55,5,8,1,3,3,4,4,3,5
0,65,2,1,1,4,3,3,3,2,4
1,51,2,4,3,1,4,4,3,3,4
1,63,5,12,3,2,3,4,4,2,2
1,51,5,4,3,2,3,3,3,3,4
0,77,5,7,3,3,3,3,2,3,3
1,50,4,1,2,3,5,3,4,1,2
0,65,2,6,1,2,3,4,3,3,4
1,49,NA,NA,1,7,4,4,4,4,3
1,41,3,3,2,2,4,4,4,4,3
0,37,5,11,2,2,2,2,1,2,2
1,46,2,8,1,2,4,4,4,3,3
0,39,5,10,2,2,4,5,5,4,5
1,51,5,10,1,2,4,3,3,3,3
1,53,2,7,3,1,3,4,3,4,4
0,68,6,12,2,4,4,5,5,3,4
1,54,5,12,1,1,3,4,4,3,4
0,22,5,2,1,3,2,3,3,2,3
0,34,5,8,2,5,4,4,4,4,4
0,73,5,6,3,2,3,3,4,2,4
0,53,5,9,1,7,2,4,2,2,3
0,76,4,6,3,2,3,4,4,3,4
0,36,5,10,2,5,4,4,2,2,5
0,78,5,7,3,2,3,4,4,3,4
0,59,2,11,1,2,4,4,4,4,4
1,20,5,2,1,3,4,4,2,2,4
1,24,5,4,1,2,2,4,4,2,2
1,22,5,2,1,2,3,3,4,3,4
1,64,4,2,2,2,4,4,4,3,3
0,39,5,NA,1,4,4,5,3,5,3
0,53,3,NA,1,2,3,3,3,2,3
1,57,3,9,1,4,4,4,4,4,4
0,48,2,8,1,3,4,4,4,4,4
0,24,5,9,1,5,3,4,5,3,2
1,74,4,3,3,1,3,4,5,3,5
0,25,5,9,1,4,4,4,4,4,4
0,50,5,8,1,2,4,4,4,4,4
0,73,5,7,2,2,2,2,2,2,3
0,61,5,7,1,4,3,4,4,3,3
0,50,5,12,1,4,3,4,4,3,4
1,42,4,6,1,3,3,4,4,3,4
1,42,2,1,2,3,2,3,4,3,3
1,31,2,7,2,3,3,4,4,3,4
0,56,2,NA,2,2,1,1,5,5,1
0,35,5,14,2,1,3,2,4,2,3
1,28,6,9,1,4,4,4,4,4,3
0,48,5,3,1,3,3,3,3,1,4
1,44,3,1,1,1,4,4,3,4,4
0,64,5,8,3,4,3,3,4,3,3
0,38,5,NA,2,2,3,3,5,5,5
0,60,5,NA,3,2,3,4,4,4,2
0,55,2,9,2,3,3,4,4,4,3
1,47,5,11,1,2,4,4,4,4,4
1,71,5,7,1,1,3,3,3,3,3
0,26,5,8,1,4,4,4,4,4,4
1,47,2,6,1,3,3,4,4,4,4
1,36,5,2,2,5,2,4,4,3,4
1,30,5,8,1,3,4,4,3,4,4
0,29,5,10,2,3,4,5,5,5,4
0,71,2,6,2,3,2,3,4,3,4
1,72,4,NA,3,3,4,3,4,2,4
0,57,3,NA,2,1,4,5,4,4,4
1,47,NA,NA,1,5,4,4,4,3,2
0,33,3,6,1,5,3,3,4,2,4
0,24,6,2,1,2,3,4,4,3,4
1,27,5,9,1,4,5,4,4,4,5
1,70,2,3,2,1,4,2,2,3,4
0,45,2,8,1,5,5,4,5,4,5
0,33,2,NA,1,1,3,4,4,4,3
1,27,4,2,2,1,4,4,5,4,2
1,31,5,8,2,2,3,3,3,4,4
0,57,5,11,1,1,1,1,1,1,1
0,61,5,7,2,2,4,4,4,2,4
1,71,2,2,3,1,4,4,4,4,4
0,53,5,15,2,2,4,4,4,4,5
0,25,5,9,1,3,5,4,4,4,3
0,72,5,NA,3,4,4,4,4,4,4
0,64,5,10,1,2,3,4,4,3,4
0,57,2,12,3,4,2,4,4,3,3
0,77,5,8,3,4,2,4,4,2,3
1,34,5,6,2,3,3,3,3,3,3
1,73,5,4,2,2,4,4,4,3,4
0,73,5,6,3,1,3,4,2,3,4
1,75,5,6,3,1,3,4,4,3,4
0,71,5,7,3,2,4,4,4,4,4
0,46,5,6,1,4,4,3,2,4,3
0,63,5,13,3,2,4,4,4,3,3
0,43,5,8,2,3,3,3,3,3,3
1,59,5,8,1,2,3,3,3,3,3
0,39,1,NA,2,3,4,4,3,3,4
1,50,5,NA,1,2,4,4,4,4,4
0,75,2,3,3,3,3,4,4,4,4
0,30,5,9,2,6,5,5,5,5,5
1,40,NA,3,2,2,3,3,3,3,3
1,53,3,7,1,2,2,3,3,3,4
0,65,5,9,2,2,3,4,4,2,4
1,19,2,NA,1,2,4,4,4,2,4
1,50,4,8,1,2,2,3,3,2,4
1,48,6,2,2,2,4,4,4,3,4
0,37,5,9,1,2,3,3,2,3,3
0,44,6,6,1,4,2,3,4,2,3
1,63,2,7,1,4,2,3,3,3,4
0,48,5,9,1,3,4,4,4,4,4
0,42,2,8,1,2,4,4,4,4,3
0,68,5,NA,3,4,4,4,4,4,4
0,57,5,10,1,4,3,2,2,3,3
0,24,5,8,1,5,4,4,4,4,5
0,38,5,NA,2,4,2,4,4,2,4
0,73,5,4,3,1,4,4,4,4,4
1,42,1,1,2,6,5,4,4,4,4
1,65,2,1,3,2,1,3,3,2,3
0,48,5,11,2,4,2,3,4,3,3
1,39,5,9,1,5,4,4,4,4,4
1,76,5,8,2,2,4,4,5,4,4
0,35,6,13,1,3,4,4,5,4,3
0,36,2,11,1,5,1,4,5,2,4
0,74,6,18,3,2,3,3,3,3,3
0,35,3,7,2,3,2,3,2,4,3
0,62,2,1,3,2,3,3,3,3,4
1,74,2,2,3,1,2,3,3,2,4
1,38,5,7,1,2,4,3,3,3,3
1,52,4,4,3,4,4,4,4,4,5
1,49,5,8,2,4,4,4,2,4,2
0,62,3,7,2,2,2,4,4,2,3
0,40,5,10,2,2,3,4,3,3,5
1,27,5,1,1,4,2,4,5,4,5
0,31,2,2,1,5,3,3,3,2,1
0,76,2,6,2,2,3,4,4,3,4
1,22,2,3,1,5,4,4,4,4,4
0,63,5,6,2,1,3,3,3,3,3
1,36,5,5,1,2,4,4,4,4,4
0,56,5,8,2,3,3,3,3,3,5
0,60,5,NA,3,2,4,4,4,4,4
0,40,5,10,2,4,5,5,5,5,3
1,54,4,1,2,3,3,4,4,4,4
1,56,5,NA,3,3,3,3,3,3,3
0,24,5,8,1,3,4,2,5,4,4
1,39,2,7,2,2,3,3,5,3,3
0,54,5,7,1,4,2,3,4,2,3
0,20,NA,NA,1,6,3,4,4,2,2
0,53,4,12,2,1,3,4,3,3,3
1,51,2,10,3,2,3,3,4,1,3
1,55,6,6,2,4,3,3,3,3,3
1,49,4,2,2,2,2,1,4,1,4
0,65,2,9,2,2,3,4,4,3,3
0,39,5,3,1,5,4,5,3,4,2
1,64,6,7,1,2,4,4,4,3,4
1,26,5,7,1,3,3,1,4,1,1
0,34,1,6,1,2,4,3,3,4,4
1,25,5,9,1,2,3,4,4,3,4
0,51,5,10,3,3,4,4,4,2,4
1,24,5,NA,1,5,4,4,4,3,3
1,25,5,6,2,4,3,4,4,4,4
1,47,5,10,2,2,4,4,4,4,4
1,36,5,7,1,2,4,4,5,4,5
1,49,4,NA,1,3,4,4,4,3,3
0,27,5,8,1,6,3,3,4,3,2
1,32,4,6,2,2,4,3,4,3,5
0,49,5,13,2,1,4,4,4,4,4
0,26,5,9,1,4,3,4,3,4,4
1,52,2,4,3,2,1,3,3,2,3
1,28,5,3,2,2,4,5,5,3,4
1,65,2,6,1,2,4,4,4,3,4
1,66,6,1,3,2,4,5,5,4,5
1,49,4,8,2,3,3,3,3,2,4
0,39,6,11,1,3,3,4,4,4,4
1,75,2,2,3,3,2,3,4,3,3
0,77,6,8,3,1,4,4,4,3,3
0,66,2,7,1,1,4,4,3,3,4
1,61,4,6,3,2,3,3,4,3,4
0,63,5,NA,2,5,3,4,4,3,3
0,27,2,8,1,2,4,4,3,4,4
0,24,5,2,1,3,5,4,4,2,4
0,79,2,4,2,2,3,3,4,3,3
0,55,5,NA,1,2,3,3,3,3,3
1,57,2,3,3,4,3,4,3,4,3
0,77,2,6,2,2,4,4,3,4,4
0,40,6,NA,2,2,3,4,4,3,4
0,76,5,NA,3,1,3,4,4,3,4
0,25,5,8,1,5,3,4,4,5,4
1,22,5,3,1,5,3,3,4,3,4
0,60,2,10,2,2,3,4,4,3,3
0,59,5,16,2,3,4,5,5,3,1
0,27,2,1,1,7,3,4,4,4,4
1,51,2,4,2,2,4,3,3,4,4
1,65,4,8,1,3,2,4,4,3,2
1,27,2,8,2,2,5,2,2,3,2
1,69,4,3,3,2,3,4,4,3,3
0,45,5,11,2,2,4,4,4,3,4
1,60,2,1,2,2,3,4,4,4,5
0,59,5,NA,2,4,3,3,4,4,3
0,75,5,7,3,2,3,4,4,2,3
0,60,5,12,2,3,3,3,3,2,2
0,59,2,13,3,3,1,3,3,1,3
1,22,2,7,1,7,3,5,5,3,5
0,30,2,NA,1,4,4,4,4,3,3
1,38,5,8,2,4,4,5,5,4,4
1,42,4,3,2,5,4,4,4,4,3
1,39,5,6,1,2,1,3,4,2,2
0,35,2,8,2,5,3,2,3,4,4
0,67,5,18,2,2,4,4,4,3,4
1,62,2,5,3,2,4,4,4,3,4
1,63,2,2,3,1,3,4,4,1,5
1,26,5,8,1,2,4,4,2,3,4
0,27,5,6,1,7,4,4,4,4,4
1,52,2,7,1,2,3,3,3,3,3
1,31,5,8,1,4,3,3,4,3,3
0,36,5,NA,2,5,3,3,3,3,3
0,52,5,15,1,2,4,4,4,4,4
0,26,5,9,1,2,4,3,4,4,4
0,66,5,10,3,3,4,4,3,4,4
1,52,4,NA,2,2,4,3,4,3,4
0,23,5,4,1,5,3,4,4,4,4
0,42,2,8,1,4,1,1,1,1,5
1,31,5,NA,1,5,4,5,5,4,4
0,33,5,12,2,4,3,3,3,3,3
1,46,5,4,1,5,3,4,4,4,4
0,27,2,11,2,6,5,4,4,4,4
1,66,2,2,3,2,2,3,3,4,2
0,28,5,6,1,7,2,2,2,2,2
1,42,2,2,2,2,1,2,4,2,2
1,43,5,3,1,4,2,3,2,2,3
1,46,3,6,2,2,3,4,4,3,4
1,27,3,1,2,2,2,2,2,2,2
0,58,3,NA,3,3,3,4,4,3,4
0,45,5,11,2,2,3,4,4,3,4
1,65,4,4,2,2,3,4,3,3,4
0,70,5,6,3,5,2,3,4,3,2
1,39,2,7,1,1,4,4,4,3,4
1,54,4,5,2,4,2,4,4,4,3
1,43,5,9,1,1,3,5,5,3,4
1,34,2,6,2,4,4,4,4,4,4
0,29,5,6,1,2,1,4,4,3,3
0,36,2,7,1,7,1,3,3,1,2
0,53,5,NA,1,2,5,5,5,4,4
1,25,5,7,1,2,4,4,4,4,4
1,73,5,4,3,2,4,4,4,4,4
1,42,5,4,1,4,5,5,5,4,4
1,55,2,1,1,3,3,3,4,3,3
1,36,4,6,2,3,5,5,5,4,5
1,72,5,13,1,2,4,4,4,4,5
0,72,5,8,1,2,3,4,4,3,4
1,77,2,4,2,2,3,4,3,3,4
0,58,2,NA,2,3,2,3,3,3,4
1,51,5,NA,1,1,5,4,4,4,4
1,76,2,6,2,3,3,3,3,4,4
1,48,2,5,2,2,4,4,3,4,4
1,41,2,1,2,3,3,3,3,3,3
1,24,5,7,1,3,1,1,1,1,1
0,27,5,8,1,4,4,4,4,4,4
0,26,5,2,1,4,3,3,3,2,3
0,47,6,9,1,3,1,2,3,2,3
0,24,5,6,1,5,3,4,5,4,5
0,60,5,15,1,3,3,3,3,3,3
0,47,6,13,2,3,3,3,3,2,4
1,69,5,2,3,2,3,3,3,3,3
1,56,4,7,3,1,3,4,4,2,4
1,64,4,3,3,4,2,4,4,2,4
1,70,5,1,2,1,3,3,3,3,3
0,60,3,9,3,2,4,4,4,4,4
0,70,5,7,3,2,2,4,4,3,3
1,24,NA,NA,1,2,3,3,4,4,4
1,67,4,NA,1,4,3,3,4,3,3
1,27,5,4,1,5,3,4,4,3,4
1,28,5,6,1,3,4,4,4,4,4
0,29,5,13,1,6,3,4,4,4,4
0,29,5,9,1,5,4,4,4,4,4
0,46,5,NA,1,1,3,3,3,3,3
1,49,5,7,3,3,5,5,5,5,5
1,60,2,6,3,2,3,3,4,2,4
0,50,2,6,1,1,3,3,3,3,3
1,74,2,3,3,2,3,4,4,4,4
0,73,5,7,3,2,4,4,4,3,4
1,30,2,7,1,2,2,4,4,2,2
0,31,5,1,1,4,3,3,3,3,3
1,38,5,NA,1,1,4,4,4,4,4
1,54,2,7,1,2,3,3,3,3,3
0,53,2,1,1,2,2,3,3,1,2
1,34,5,NA,1,3,3,3,3,3,3
0,37,6,9,1,6,2,4,4,2,4
1,53,4,NA,1,7,3,4,4,2,2
0,62,5,12,3,2,3,4,4,4,4
0,63,5,13,2,2,3,4,3,3,3
0,67,5,NA,1,3,4,4,4,4,4
1,61,2,3,3,2,4,3,5,4,3
1,59,4,3,2,2,2,4,2,2,4
0,74,5,9,3,1,2,4,4,3,3
0,26,2,2,1,3,4,4,4,3,4
1,55,5,NA,1,1,2,3,3,2,2
1,39,2,4,2,2,2,4,3,2,4
1,56,4,NA,2,2,4,4,4,4,4
0,26,2,1,1,3,4,3,5,3,2
0,79,5,7,2,1,3,3,3,3,3
0,39,2,10,2,2,2,4,4,2,4
1,70,5,1,3,2,3,4,4,3,4
1,38,2,6,1,3,4,4,3,4,3
1,67,4,1,2,1,3,4,4,3,4
0,29,5,9,2,4,3,4,3,4,3
0,57,5,8,1,2,2,3,3,3,2
0,37,1,1,1,4,2,3,3,2,4
1,53,4,4,2,4,2,5,4,3,4
1,43,2,2,1,4,4,3,4,3,4
0,41,5,NA,2,3,2,5,5,4,4
0,26,6,9,1,6,5,4,5,4,4
1,52,4,1,1,3,3,4,3,3,4
0,33,2,9,2,5,3,5,5,4,4
1,33,5,NA,2,2,3,4,3,3,4
0,24,5,6,1,3,3,3,3,3,3
1,73,4,5,1,2,1,2,3,2,4
0,24,1,2,1,4,3,5,4,4,4
1,55,2,6,2,4,3,4,3,3,4
0,42,3,1,1,3,3,3,3,3,3
1,45,3,4,2,5,4,4,4,4,4
0,52,2,8,2,2,4,4,3,3,4
0,68,5,7,1,2,5,5,5,5,5
0,65,5,13,1,1,3,4,4,3,4
0,26,2,7,1,4,4,4,4,4,4
0,23,5,3,1,5,4,4,5,5,2
1,25,5,7,1,5,2,4,4,1,2
0,46,3,9,2,3,2,4,5,3,2
0,43,6,13,2,2,3,5,5,4,4
0,21,5,3,1,4,3,4,4,4,4
0,20,5,3,1,6,2,3,3,2,2
0,73,5,NA,1,1,1,1,2,3,2
0,28,2,7,1,5,4,3,4,3,4
0,55,2,7,3,2,3,3,3,3,3
0,72,5,8,1,3,3,4,4,3,4
0,51,3,1,1,1,1,1,1,1,1
0,76,5,NA,3,2,4,4,3,4,4
1,70,4,5,3,2,4,5,4,4,3
0,59,3,9,1,5,5,4,4,4,4
1,62,2,NA,1,1,3,4,4,3,3
0,37,1,10,1,4,4,4,4,5,4
1,38,4,1,2,2,4,4,4,4,4
1,49,5,9,2,2,4,4,4,4,4
1,38,5,1,1,6,1,3,3,2,2
1,65,2,8,3,2,4,4,4,4,4
0,25,2,7,1,6,4,4,4,4,4
0,28,5,8,1,5,4,4,4,4,4
0,28,4,7,1,4,3,5,4,4,4
0,76,5,7,3,2,5,5,4,3,4
0,38,5,8,1,5,4,4,4,3,4
0,57,5,14,2,4,5,4,4,5,4
0,59,5,9,1,4,3,3,4,3,4
1,73,2,3,1,1,2,2,3,1,3
1,56,1,3,1,2,2,2,2,2,3
0,28,5,8,1,6,3,4,4,5,5
1,53,5,10,2,4,3,3,4,3,4
0,69,6,14,1,2,1,2,5,1,1
0,71,5,6,2,2,2,4,3,2,3
0,64,5,3,3,6,1,1,1,1,1
0,59,5,NA,1,3,3,5,5,3,2
0,28,5,10,1,4,4,4,2,4,3
1,67,5,3,3,3,2,4,3,2,4
0,59,5,9,1,4,4,4,3,4,4
1,26,5,7,1,4,3,3,3,3,3
0,48,5,11,2,7,4,4,4,4,4
1,27,5,8,2,2,3,5,4,2,3
0,26,5,NA,1,5,4,3,5,2,3
0,26,6,NA,1,1,5,5,4,4,4
1,61,5,2,3,3,3,4,3,3,3
1,71,4,6,2,2,3,3,4,3,3
0,25,5,9,1,4,4,4,4,4,4
0,60,5,12,3,3,2,3,4,3,2
0,64,5,9,3,4,4,4,4,4,3
0,36,2,NA,1,6,3,3,4,4,3
1,51,6,11,1,1,4,5,5,4,4
0,45,2,7,1,2,3,4,4,3,5
0,20,5,NA,1,3,3,4,4,3,4
1,72,5,NA,2,2,5,5,4,4,5
1,75,5,6,3,3,4,4,4,4,4
1,70,5,3,1,2,2,2,4,2,4
0,28,5,8,1,4,3,3,3,3,3
1,46,5,1,1,2,3,3,4,1,3
0,73,2,7,3,7,1,1,1,1,4
1,72,5,NA,1,2,2,3,3,2,4
0,28,2,4,1,7,3,3,3,3,4
0,42,5,13,1,7,3,3,3,3,3
1,34,2,6,1,4,4,4,4,3,4
0,23,5,8,1,5,3,5,5,4,5
0,39,5,7,1,2,3,4,4,4,3
0,59,4,11,3,2,5,5,5,5,4
1,59,2,4,2,1,3,4,3,3,2
0,61,2,8,1,1,2,3,3,1,4
0,28,2,10,1,5,4,4,4,3,4
1,54,4,7,2,2,4,3,3,4,4
0,75,5,4,1,1,1,2,3,2,2
1,48,5,1,1,2,4,4,4,3,4
0,42,5,5,1,5,4,4,4,3,4
0,70,5,12,3,1,3,4,4,3,4
1,52,2,7,1,1,4,4,4,4,4
0,27,2,1,1,5,1,1,1,1,1
0,22,5,3,1,2,2,4,4,2,2
1,26,5,7,1,4,3,4,4,4,4
0,64,6,7,3,3,3,4,4,3,3
1,53,5,6,2,1,3,3,3,3,4
0,73,5,9,3,2,3,4,4,2,4
0,38,6,6,3,3,5,4,4,5,4
1,64,4,7,3,6,3,5,4,4,5
0,45,5,11,2,3,4,4,5,4,4
1,37,1,2,2,5,3,4,5,4,4
1,61,4,1,2,2,2,3,3,2,2
1,45,5,6,2,2,2,5,5,2,3
1,64,2,5,2,6,3,3,3,3,3
1,53,2,7,2,2,4,4,4,4,4
1,54,2,NA,1,2,2,4,4,2,4
0,32,5,9,1,5,3,3,3,2,3
1,52,5,NA,1,2,3,4,5,4,4
1,71,6,11,3,1,2,4,4,2,4
1,37,2,1,1,2,1,4,3,1,2
0,46,2,8,1,3,5,4,4,3,3
0,56,5,12,2,4,3,4,4,3,4
0,55,1,5,1,4,4,4,4,4,4
1,43,2,7,1,4,1,2,2,2,3
1,50,4,1,2,5,3,4,4,3,4
1,75,2,4,2,2,3,4,3,3,2
1,70,NA,1,3,2,2,3,3,3,4
1,43,5,9,1,2,3,4,4,4,2
0,63,5,6,1,2,4,4,4,4,4
1,27,4,9,1,4,2,3,2,1,2
0,42,5,1,1,5,3,3,3,3,3
1,25,3,7,1,6,4,4,4,4,4
0,46,2,8,1,2,3,4,3,3,3
1,68,4,3,3,2,3,2,3,2,3
0,69,5,7,3,5,4,4,4,4,4
0,75,2,7,1,2,3,3,4,3,3
0,55,5,14,2,2,3,4,4,3,3
0,49,3,3,1,3,4,2,4,3,3
1,57,4,4,3,2,3,4,4,4,3
0,21,5,2,1,4,3,4,4,3,3
0,22,3,7,1,3,2,3,1,2,3
1,58,1,NA,1,1,3,3,3,3,3
1,71,2,1,3,1,3,3,3,3,3
1,28,5,1,1,1,5,5,3,5,2
0,72,4,6,3,1,3,4,4,3,2
0,63,5,9,2,2,2,3,2,3,2
1,36,5,6,1,1,4,3,3,3,4
0,26,6,3,1,5,2,4,4,2,2
0,37,NA,NA,1,7,1,4,5,1,4
1,58,2,1,2,2,4,4,4,4,4
0,58,5,7,3,1,3,4,3,3,4
0,58,2,9,2,1,4,4,4,4,4
0,59,5,10,2,2,2,3,3,3,3
0,26,5,8,1,5,5,5,5,5,5
1,44,2,1,1,1,3,3,4,3,3
0,63,2,4,1,2,3,4,4,3,3
1,21,5,3,1,2,4,5,4,4,4
0,50,5,9,1,1,3,4,4,4,4
0,65,6,6,1,3,3,4,4,4,4
0,62,5,9,2,4,3,3,4,3,4
0,26,6,9,1,5,2,5,4,3,4
1,33,5,7,2,4,4,3,3,4,3
1,41,3,3,1,5,4,4,5,3,5
1,31,2,1,2,3,4,3,3,4,3
0,65,5,7,3,2,4,3,4,3,3
1,54,6,13,1,2,3,4,5,4,3
0,79,2,NA,3,2,3,4,4,4,4
1,41,3,2,1,3,3,5,5,4,2
0,32,2,7,1,7,5,5,5,5,4
0,65,5,6,2,3,1,2,3,1,2
0,43,2,7,1,2,4,4,4,4,4
0,23,5,7,1,5,4,5,4,5,4
0,70,3,6,3,1,4,4,4,3,4
0,75,5,11,3,1,3,4,3,3,3
0,69,2,9,2,1,5,4,4,4,4
1,24,NA,1,2,3,3,3,3,2,4
0,56,4,2,1,2,3,4,4,3,3
1,75,2,NA,3,1,2,3,4,2,3
1,43,2,3,3,4,3,3,3,4,4
0,58,5,7,1,1,3,3,3,3,3
0,70,2,6,3,2,2,3,2,3,2
0,53,2,5,1,5,2,1,1,1,3
0,36,2,4,1,3,4,4,4,4,4
0,57,5,16,2,3,4,4,4,4,4
1,63,5,2,3,2,4,5,5,4,5
0,78,5,8,3,2,5,5,5,5,5
0,39,2,8,1,3,4,4,4,4,5
0,50,5,13,2,4,3,3,4,3,3
1,54,5,7,1,1,4,4,4,3,4
0,44,6,10,2,3,3,4,3,4,3
1,28,5,1,2,5,2,4,4,2,4
1,43,2,1,2,4,2,4,4,3,4
1,63,4,3,2,2,5,3,3,4,4
0,38,5,12,1,5,3,4,4,3,3
1,36,3,7,2,3,4,5,5,4,4
0,53,5,10,1,3,4,4,4,3,4
1,41,5,8,2,3,4,3,5,3,4
0,45,5,11,1,3,1,5,1,1,1
1,65,2,1,2,2,3,3,3,3,4
1,44,4,8,2,2,4,4,4,3,4
0,27,2,9,2,4,1,3,3,3,3
1,54,4,4,3,1,4,4,3,5,4
1,54,2,NA,3,1,3,4,4,3,4
0,54,5,13,2,3,4,4,4,4,4
0,65,5,9,2,1,2,3,4,2,2
0,58,2,13,2,2,3,4,4,3,4
1,46,2,1,1,3,5,5,5,4,4
0,55,5,NA,3,5,2,4,4,4,2
1,49,2,6,2,2,4,4,4,4,4
1,27,5,9,1,6,5,5,5,5,4
1,40,1,1,1,7,2,4,4,3,3
0,54,5,10,2,4,4,4,4,3,4
1,58,5,4,3,1,4,4,4,4,4
1,43,5,10,1,6,4,5,5,5,2
1,48,2,7,1,5,4,5,4,4,3
0,42,2,7,1,3,3,4,4,4,4
1,29,5,7,1,6,3,4,4,3,4
0,62,3,7,2,1,3,3,3,3,3
0,27,6,NA,1,6,3,2,4,4,2
0,38,3,10,2,3,4,5,4,5,4
0,66,3,7,2,2,3,4,4,4,4
0,77,2,3,3,7,4,4,3,4,4
1,36,5,1,2,4,4,3,4,4,4
0,19,2,2,1,5,3,4,4,3,4
1,73,2,6,1,1,3,4,4,3,3
1,45,5,8,2,4,3,4,4,3,3
0,50,5,NA,3,2,3,3,3,3,3
1,52,2,6,3,2,4,4,4,4,4
0,63,2,NA,1,4,3,3,3,4,3
1,29,5,7,2,5,4,4,4,2,2
0,56,2,8,3,5,3,3,3,3,3
0,50,2,10,2,2,4,4,4,4,5
0,23,5,8,1,6,5,5,5,4,4
0,37,5,9,1,3,3,4,4,4,3
0,21,2,NA,1,3,4,4,3,3,3
1,23,5,2,1,2,4,4,4,4,4
0,54,5,16,2,2,3,4,4,4,4
0,38,5,10,2,3,3,4,4,3,3
0,52,5,15,2,4,4,4,5,4,4
1,51,5,1,1,3,4,4,4,4,3
1,53,2,1,2,4,4,3,4,3,4
1,30,2,1,1,3,2,4,5,4,2
0,76,5,6,2,2,2,4,4,3,4
0,34,5,11,2,5,5,5,5,5,4
0,73,2,12,3,3,3,2,2,2,3
1,65,2,2,1,1,3,3,3,3,3
1,35,4,1,2,2,4,4,4,4,4
1,70,2,3,3,2,2,2,4,2,3
0,27,2,8,1,4,4,4,5,4,3
1,48,2,NA,2,2,3,4,4,3,4
0,59,2,8,1,1,2,3,4,2,2
1,55,2,8,2,6,4,3,3,4,3
0,54,2,NA,1,3,3,4,4,3,3
0,47,2,9,2,1,3,3,3,3,4
1,43,2,7,1,1,3,4,4,3,3
0,36,5,9,3,3,5,5,5,2,4
1,75,4,10,3,2,4,3,4,3,4
1,59,3,1,3,7,3,3,4,3,4
1,34,1,3,2,6,3,2,3,2,3
0,48,2,10,1,2,3,3,3,3,4
0,27,4,6,2,4,3,4,3,3,3
1,21,2,NA,1,2,4,4,3,3,4
1,53,5,9,3,5,2,4,4,2,3
0,39,5,11,2,2,3,3,4,3,3
0,55,2,10,2,3,1,4,2,3,2
0,48,2,9,1,3,3,4,4,3,4
0,61,5,4,3,4,4,4,4,4,4
0,38,5,13,2,6,3,4,3,4,3
0,31,2,6,1,4,3,3,3,3,3
0,53,2,NA,2,3,3,3,3,3,4
0,59,6,13,2,1,2,4,4,2,3
0,52,2,12,3,4,3,4,4,4,4
0,63,5,6,3,3,2,4,3,3,4
0,59,5,14,3,1,4,4,4,4,4
0,72,5,6,3,1,3,3,3,3,3
1,42,2,3,2,2,3,3,2,2,2
1,42,5,7,2,1,3,3,3,3,3
0,56,5,NA,2,2,1,2,3,1,4
0,43,4,2,1,5,5,5,3,5,5
0,28,5,9,1,4,3,1,2,2,2
0,58,2,NA,2,2,3,4,4,3,4
0,23,5,7,1,2,3,3,3,2,2
1,75,NA,3,2,1,3,2,2,3,3
0,48,4,9,2,5,3,3,3,3,3
1,29,4,7,1,3,4,4,2,3,2
0,56,5,12,1,6,4,4,4,4,4
0,18,2,2,1,6,4,3,4,4,4
0,43,6,NA,2,2,3,4,4,4,4
1,49,2,3,2,2,3,3,3,3,3
0,39,5,13,2,3,4,4,4,4,4
0,65,3,NA,2,2,4,4,4,4,4
1,31,5,8,2,6,4,4,4,4,4
0,78,5,7,3,3,3,5,5,5,5
1,63,4,2,3,1,4,4,4,4,4
1,73,4,6,3,1,4,4,4,4,4
0,63,2,10,3,2,5,5,4,3,4
1,52,4,2,2,1,4,5,4,4,4
0,72,5,6,3,2,4,4,4,4,4
1,31,5,7,1,4,4,4,4,4,4
1,57,4,1,2,2,3,3,2,2,4
1,66,4,2,3,5,5,3,4,3,4
0,25,2,9,1,5,3,4,3,4,4
0,54,5,10,2,5,4,4,4,3,4
1,43,2,6,2,2,4,4,4,4,4
0,71,2,7,2,3,4,4,4,3,4
1,64,4,2,3,5,4,4,4,3,5
1,61,2,7,2,2,4,4,5,4,4
0,69,5,6,2,2,4,4,4,3,3
0,49,2,9,1,1,4,4,4,3,4
0,45,2,NA,1,4,3,5,4,4,4
0,29,5,9,1,6,4,4,4,4,4
1,60,2,3,2,3,4,4,4,3,4
0,25,5,7,1,3,4,2,5,4,5
1,61,5,6,2,2,3,4,3,4,3
1,52,3,1,1,5,2,4,2,3,4
1,79,5,2,3,2,3,4,4,2,2
0,58,2,NA,2,2,2,4,4,4,2
0,65,4,5,2,1,4,3,4,4,4
0,57,5,14,2,1,4,4,2,5,4
0,43,2,12,1,4,5,4,3,4,3
1,69,2,7,2,3,3,4,3,3,4
1,37,NA,7,2,2,3,3,3,3,4
1,31,5,8,1,3,3,3,3,3,3
0,67,5,8,2,2,3,3,4,3,4
1,39,6,12,2,5,4,4,4,4,4
1,75,4,6,2,1,5,4,3,4,4
1,55,2,7,1,2,4,4,4,4,3
1,39,5,8,2,3,4,4,4,3,4
1,77,2,NA,3,3,2,3,4,3,3
0,58,5,13,2,1,3,3,3,3,3
0,76,2,NA,3,4,3,4,4,3,3
0,49,6,19,1,4,3,5,5,5,2
1,48,5,1,2,5,3,4,4,4,3
1,75,5,6,3,2,4,4,4,4,4
0,46,1,NA,2,4,3,3,4,3,4
1,57,2,1,1,2,1,1,1,1,1
1,54,2,1,1,7,4,4,4,3,4
0,22,5,3,1,3,2,4,1,2,2
0,44,5,11,2,3,4,4,4,4,4
0,59,5,9,2,2,5,5,5,5,4
1,75,2,6,1,2,4,4,4,4,4
0,21,5,3,1,5,4,3,3,2,3
1,44,5,6,1,2,3,3,4,4,3
0,20,5,3,1,5,4,4,4,4,4
1,29,5,9,1,2,2,4,4,3,4
0,45,5,10,1,4,3,4,4,3,4
0,53,2,10,1,3,4,4,5,4,4
1,32,5,1,1,5,5,4,5,3,3
1,40,5,8,2,2,4,2,4,5,3
0,26,5,9,1,3,4,2,3,2,3
0,35,6,8,2,2,4,4,4,4,3
0,24,5,7,1,5,3,2,2,3,4
1,70,3,3,2,2,4,4,4,4,4
0,79,2,7,2,3,2,3,4,2,4
0,74,1,4,3,3,3,2,3,1,3
0,71,6,6,3,4,2,5,5,4,5
1,45,2,NA,2,4,3,3,4,3,4
1,40,5,NA,2,3,2,2,4,2,5
0,47,2,8,3,5,4,4,4,4,3
0,75,5,5,3,3,2,3,2,2,3
0,50,3,13,2,4,3,3,3,3,3
1,37,5,8,2,1,5,4,4,4,3
1,55,5,1,2,2,4,4,4,4,4
1,70,4,4,3,2,4,4,4,4,4
1,32,4,7,2,2,4,4,4,3,3
1,27,5,8,1,5,4,4,4,4,4
0,25,5,9,1,4,4,4,4,4,4
0,60,5,17,3,2,3,4,4,3,4
1,50,2,1,2,1,1,3,3,2,3
0,62,5,13,3,1,4,4,4,4,4
1,47,3,NA,2,4,4,4,3,4,4
1,39,5,7,1,6,3,4,4,3,2
1,23,1,2,1,6,2,3,3,2,4
0,25,5,7,1,6,4,4,3,4,4
1,72,5,6,3,2,3,3,4,3,3
1,61,5,NA,2,2,4,4,4,4,4
1,49,2,2,2,2,3,4,3,3,3
0,61,5,NA,2,2,3,4,4,3,4
1,51,2,6,2,1,2,2,3,2,3
0,52,5,9,2,2,3,4,3,3,3
1,74,2,3,3,4,3,4,4,3,4
0,46,5,9,1,5,1,3,3,1,3
0,37,2,13,2,2,5,4,3,4,4
0,72,5,7,2,1,1,4,4,3,2
0,74,5,3,3,1,3,4,4,2,3
1,59,2,6,1,2,1,4,1,5,5
1,54,4,2,2,2,2,3,4,3,4
0,71,5,4,3,3,3,3,4,4,4
0,73,5,7,3,1,2,4,4,3,3
0,30,5,11,2,4,2,4,4,4,5
1,71,2,3,3,1,3,3,3,3,3
1,67,2,3,2,2,4,4,4,3,3
0,35,5,8,1,6,4,4,4,4,4
0,51,4,10,2,3,4,4,4,3,4
0,55,2,NA,3,2,2,3,3,3,4
0,57,1,NA,3,2,4,4,4,4,4
1,55,2,12,1,2,3,4,3,3,4
0,26,6,NA,1,4,4,4,4,4,3
1,26,4,9,1,4,4,5,5,5,5
0,22,5,4,1,4,3,3,2,3,3
1,46,5,7,1,4,5,1,5,5,5
1,60,2,1,2,2,3,4,4,3,4
0,69,6,14,2,5,3,4,3,2,2
0,53,2,12,3,1,5,5,5,5,5
1,41,2,4,2,1,3,4,4,5,5
1,71,2,3,3,3,3,3,4,3,4
0,55,5,10,3,3,4,4,4,4,3
1,36,5,3,2,3,4,4,4,4,4
0,29,2,7,1,5,4,4,4,4,4
1,30,5,10,1,5,2,3,3,3,3
0,48,2,NA,1,3,4,3,4,4,3
1,29,2,8,1,4,3,3,3,3,3
0,23,5,4,1,5,4,4,4,4,4
0,50,5,11,2,4,4,3,4,3,3
1,29,5,3,1,7,4,4,4,4,3
0,61,5,13,2,1,3,3,3,3,3
0,77,5,9,3,2,3,4,4,3,4
0,38,2,10,2,3,4,4,4,4,3
0,54,5,NA,2,2,4,3,3,4,3
0,71,5,13,2,2,3,3,4,4,4
1,78,2,5,3,2,2,3,3,3,4
1,47,5,NA,2,4,5,5,5,5,5
1,66,2,NA,3,1,3,3,3,3,4
1,73,4,4,3,2,3,4,5,2,3
0,49,5,3,1,2,4,4,3,4,5
0,31,5,12,2,3,4,2,3,3,3
1,54,2,5,3,3,2,3,3,3,3
0,24,5,8,1,5,4,4,4,4,4
1,27,5,9,2,7,1,2,3,3,4
1,70,2,1,3,4,4,4,3,3,3
0,65,5,6,3,4,4,4,4,3,4
1,30,5,9,2,2,4,4,4,4,4
0,35,5,8,1,2,3,3,3,3,3
1,29,5,6,1,3,4,4,4,4,4
1,72,2,6,3,6,3,4,4,4,4
1,27,4,7,1,5,2,4,2,3,3
0,64,3,7,3,1,4,4,4,4,2
0,28,5,NA,1,1,3,3,4,1,3
1,43,5,NA,1,2,3,3,4,3,3
1,53,2,6,2,1,4,4,4,4,4
1,75,4,4,3,2,4,4,4,4,4
1,22,2,3,1,4,4,5,4,4,5
1,27,4,3,2,4,1,2,1,1,1
0,44,5,8,1,4,4,4,5,3,3
1,41,5,6,2,4,3,4,4,3,3
1,49,5,2,1,2,3,4,2,3,3
0,33,1,9,1,2,2,4,2,3,3
0,41,3,8,1,4,1,3,3,2,4
0,51,2,8,2,4,4,5,4,4,4
0,54,2,9,3,4,3,4,4,3,4
0,64,5,9,3,2,4,4,4,4,3
1,30,5,NA,1,1,3,3,3,3,3
1,51,5,1,1,2,4,4,5,4,5
0,71,2,4,2,3,3,3,3,3,3
0,22,5,2,1,4,5,5,5,5,5
0,68,5,8,3,4,3,4,4,4,4
0,59,5,6,1,5,2,3,4,3,4
0,43,5,10,1,6,3,3,3,3,4
1,73,2,3,1,3,3,3,4,3,3
1,76,4,3,3,4,4,4,4,3,4
1,56,2,NA,2,2,3,3,3,3,3
0,55,2,15,2,5,5,4,4,5,4
0,68,5,6,3,2,4,4,4,4,4
1,42,5,1,2,3,4,5,5,4,5
1,49,5,NA,1,5,4,4,5,4,3
1,48,4,9,2,5,4,4,4,4,4
0,55,2,8,2,3,3,3,3,3,3
1,39,2,2,1,1,4,4,4,3,4
0,69,5,9,3,3,4,4,5,4,4
0,71,5,1,3,2,4,4,4,4,4
1,36,NA,NA,1,7,4,5,4,4,3
0,52,2,9,2,4,4,4,4,3,4
1,60,4,9,3,2,4,5,5,4,4
0,27,2,7,1,2,3,2,3,3,2
1,49,5,NA,2,3,3,5,5,3,2
0,37,5,10,1,6,4,4,4,4,4
0,76,2,6,3,2,4,3,4,2,4
1,65,2,NA,3,1,4,4,4,4,4
0,65,2,14,3,3,4,4,4,4,4
1,61,2,NA,1,4,3,4,4,4,3
1,47,4,1,2,1,3,4,4,3,3
0,21,5,2,1,5,4,5,5,4,4
0,68,5,4,2,2,3,4,4,3,4
1,72,5,6,3,2,3,4,4,3,2
0,46,5,11,1,3,3,3,3,3,3
0,55,3,14,2,2,4,5,5,4,5
1,51,2,NA,1,3,3,4,4,2,4
0,74,NA,10,3,2,5,4,4,5,4
1,50,5,8,1,3,3,3,3,3,3
1,69,4,2,3,1,3,3,3,3,3
1,51,2,NA,1,5,4,4,4,4,3
0,20,5,3,1,5,4,4,4,4,4
1,43,2,1,2,4,3,4,4,3,4
1,61,5,1,1,2,3,3,4,3,5
0,76,5,8,3,1,4,4,5,4,4
0,38,2,2,1,6,5,3,4,2,2
0,52,5,1,1,7,2,3,2,3,3
0,36,5,NA,1,2,4,4,4,3,4
1,55,4,1,1,1,3,4,4,3,3
1,36,2,1,2,4,4,3,4,4,4
0,73,5,9,3,2,3,3,3,3,4
1,42,6,10,1,5,4,5,5,5,4
1,44,5,3,2,2,4,4,3,3,3
0,22,5,2,1,3,3,4,4,4,4
1,72,4,2,2,5,4,3,4,4,4
0,75,5,6,3,5,4,4,4,4,5
0,49,2,6,1,5,3,4,4,3,3
0,71,5,7,2,3,3,4,4,3,3
0,49,2,11,3,3,4,4,4,4,4
0,44,6,14,2,2,3,2,2,3,2
1,46,5,NA,1,2,5,5,5,3,5
0,29,5,11,1,2,4,4,4,3,3
1,72,2,2,3,1,4,4,4,3,3
1,71,5,NA,2,1,4,4,4,4,4
0,45,5,11,3,4,2,2,3,1,3
0,61,5,19,2,5,3,4,4,4,4
0,35,6,13,2,4,4,4,4,4,4
0,70,2,6,1,3,4,4,5,4,5
0,71,5,NA,3,2,2,4,3,2,2
1,20,5,3,1,2,2,4,4,2,2
1,42,2,8,2,5,4,4,4,4,4
0,56,2,7,1,4,1,1,1,1,1
1,32,5,6,1,3,3,4,4,4,4
0,53,4,9,1,3,3,4,3,3,3
1,28,2,8,1,6,5,4,4,4,5
0,66,2,9,1,2,4,5,5,4,5
1,22,5,2,1,6,5,5,5,5,5
0,44,5,11,2,5,4,4,5,4,4
0,73,3,4,2,4,2,4,3,2,3
1,49,5,7,2,3,4,4,4,4,4
0,27,5,8,1,7,4,4,4,4,4
1,39,5,6,1,3,2,4,2,2,4
0,57,2,8,2,2,2,4,4,2,3
0,41,5,12,2,5,5,5,5,5,5
1,53,4,NA,3,1,4,4,4,4,4
1,48,2,4,2,5,4,5,5,4,3
1,60,NA,4,3,1,3,3,4,4,4
1,55,2,3,2,1,3,3,4,2,4
1,22,5,3,1,6,5,4,3,4,5
0,72,2,8,1,2,4,4,4,4,4
1,58,2,1,1,1,3,5,4,4,4
1,67,4,NA,3,6,2,4,4,2,3
0,56,2,2,1,2,3,3,4,3,3
0,61,3,NA,1,2,4,4,4,4,4
0,61,5,4,3,2,3,3,3,3,3
0,56,2,NA,1,3,4,4,4,4,4
1,69,4,2,3,1,2,2,2,2,2
1,58,2,7,1,5,3,3,4,3,3
1,42,NA,NA,2,6,3,3,4,3,2
0,72,2,19,2,1,4,4,4,4,4
1,59,2,4,1,2,3,4,4,2,4
0,64,2,6,3,2,2,4,4,4,2
1,52,2,2,1,3,3,4,3,3,4
1,46,5,1,2,4,3,3,3,3,3
1,53,2,NA,2,1,3,3,5,3,4
0,76,5,9,3,1,3,3,3,3,3
0,37,6,13,1,4,4,4,4,4,3
1,58,5,1,2,7,2,3,4,3,3
1,27,5,9,1,2,2,3,3,4,3
1,30,4,3,1,5,3,4,3,3,3
0,75,5,6,3,2,3,4,4,4,4
1,21,5,3,1,5,3,4,4,4,3
1,28,2,4,2,1,3,4,5,4,3
0,39,6,10,1,6,4,5,5,4,3
1,55,5,4,1,1,4,4,4,3,3
0,38,6,13,2,4,3,4,4,3,4
0,51,2,NA,1,6,3,3,3,3,3
1,74,2,4,3,2,3,4,4,3,2
1,74,5,NA,3,2,4,4,4,3,5
1,79,2,1,3,1,3,4,4,4,4
1,27,5,NA,1,3,3,4,4,4,3
1,71,NA,4,3,4,3,4,4,3,3
0,54,5,11,2,1,3,4,4,3,4
1,45,4,9,1,4,5,4,5,4,5
1,41,5,NA,2,3,5,5,5,5,5
1,55,2,4,2,1,4,4,4,4,4
1,49,4,6,1,3,4,4,4,3,5
0,74,5,6,1,3,3,4,4,4,4
1,47,NA,NA,1,3,3,3,3,3,3
0,45,5,15,2,2,3,4,4,4,4
0,67,2,6,3,2,3,3,4,3,3
1,26,5,4,1,5,4,4,4,4,4
0,49,2,9,2,1,3,4,3,3,3
1,37,4,6,1,3,5,5,5,5,3
1,46,4,2,1,2,2,4,4,4,2
1,73,4,6,3,5,3,3,3,2,4
0,27,2,9,1,3,2,3,4,1,5
1,60,3,NA,3,1,1,2,2,1,1
1,33,NA,NA,1,4,4,4,4,4,4
1,46,2,1,2,2,3,4,3,3,3
1,70,1,6,3,2,5,4,5,3,3
0,49,5,7,2,5,4,5,5,4,4
0,50,2,3,1,4,4,4,4,4,4
0,61,2,9,1,3,4,4,4,5,5
0,52,6,19,2,4,4,4,4,3,4
1,54,5,3,2,5,4,4,4,3,3
1,74,4,6,1,1,3,3,4,3,4
0,62,5,NA,1,1,4,2,4,1,2
0,40,2,3,1,5,4,4,4,4,4
1,44,2,7,1,1,4,4,5,4,4
1,66,2,6,2,2,2,2,2,2,4
1,55,2,8,3,1,3,3,4,3,3
0,76,5,NA,2,2,4,4,4,4,4
0,75,2,8,1,2,3,4,4,3,4
1,56,4,1,2,2,4,4,4,3,4
1,43,6,6,2,2,2,4,4,2,4
0,61,5,NA,1,3,4,4,4,3,4
1,39,5,7,1,3,3,4,4,3,4
1,26,5,2,2,1,4,5,5,4,4
0,79,2,6,2,2,2,2,2,2,4
0,39,1,12,1,7,1,1,1,1,1
1,25,5,1,1,1,2,4,4,3,4
0,57,2,NA,1,4,5,5,5,4,4
0,79,2,6,3,2,3,3,4,3,3
0,35,5,7,1,5,1,2,2,2,2
1,59,4,9,1,2,4,4,4,3,3
0,69,5,NA,2,1,4,4,4,4,4
1,40,2,1,1,2,1,5,5,4,1
1,75,2,2,2,1,4,3,4,4,3
0,30,5,NA,1,2,3,4,2,2,3
0,54,5,10,1,2,5,4,5,4,4
1,38,1,8,1,7,4,4,4,4,4
1,54,3,6,2,3,3,3,3,3,4
0,45,5,10,2,2,5,5,5,4,4
0,39,5,12,2,5,4,4,4,4,4
1,71,2,3,1,1,5,4,4,4,5
1,40,5,9,1,2,3,4,4,4,3
1,70,4,NA,2,2,3,3,4,2,4
1,71,5,NA,1,3,3,4,3,2,3
1,54,4,1,1,5,3,3,3,3,3
1,29,3,7,1,1,2,4,2,4,4
1,52,2,3,2,4,4,4,4,4,3
1,46,2,4,1,4,3,3,3,3,3
0,51,1,8,1,4,3,4,3,3,4
0,57,2,NA,2,2,4,4,4,3,4
1,66,2,6,3,2,3,3,3,3,3
1,79,2,6,3,2,3,4,4,3,3
1,63,2,3,1,2,2,4,4,3,3
1,59,3,7,1,2,3,5,5,4,5
1,53,2,1,2,5,3,4,4,2,3
0,66,5,7,3,4,2,3,3,4,2
0,30,2,6,1,5,4,4,4,4,4
0,50,5,12,2,3,4,4,4,4,4
0,62,5,8,2,4,4,4,4,4,4
0,35,2,10,2,6,3,4,3,3,3
0,32,6,1,1,3,5,5,5,5,5
0,55,5,15,2,1,4,4,4,4,4
0,64,2,9,2,2,3,4,4,1,4
1,70,2,NA,3,3,3,4,4,3,3
1,60,2,3,1,4,3,4,3,4,4
1,27,2,1,2,3,4,4,4,4,4
0,72,2,8,3,1,3,4,4,3,4
1,56,2,1,1,4,3,4,4,3,4
1,76,2,4,3,1,3,3,4,3,3
1,38,5,8,1,7,5,5,4,5,4
1,77,2,3,3,6,4,4,4,2,2
1,26,4,1,2,2,3,2,3,3,2
1,32,2,6,2,6,2,4,4,4,2
0,50,5,11,3,7,3,3,1,1,5
1,24,5,8,1,2,2,2,3,2,3
0,37,2,9,1,4,5,4,4,5,5
1,27,5,9,2,4,5,5,5,5,4
1,41,3,1,2,4,2,2,2,1,5
1,47,5,7,2,1,3,3,4,4,4
1,68,5,7,1,3,2,4,4,3,3
0,48,3,11,2,5,3,2,3,3,3
1,70,5,6,3,3,3,4,4,2,2
0,54,6,10,2,2,3,2,4,3,5
1,46,2,NA,1,2,3,3,3,3,2
1,64,3,3,3,6,3,4,4,4,4
0,56,4,NA,1,2,3,4,4,3,3
0,28,5,9,1,4,4,4,4,4,4
1,63,5,1,3,1,3,4,5,3,4
1,59,6,11,1,2,2,4,4,3,3
1,69,3,3,3,1,3,3,3,3,3
1,38,5,9,1,4,3,3,4,3,5
1,73,2,3,2,2,3,4,4,4,4
0,61,4,10,1,6,3,4,3,4,4
1,28,5,8,1,2,4,4,4,3,4
1,49,2,6,2,4,4,4,4,4,4
1,43,2,8,3,1,1,3,5,3,3
1,27,5,8,1,2,2,2,2,4,2
0,74,2,11,3,2,3,4,4,3,3
1,78,2,3,3,2,3,4,4,3,4
1,35,6,9,2,4,4,5,5,4,4
0,79,2,NA,3,2,2,3,4,2,2
1,59,5,9,3,3,2,3,2,2,3
1,53,4,4,2,4,3,4,4,4,4
0,21,5,2,1,5,5,4,3,4,3
1,60,2,6,3,1,2,4,2,2,4
1,43,5,5,1,1,3,4,4,2,4
0,59,5,9,1,5,4,4,3,4,4
1,77,5,7,3,1,4,4,5,4,4
1,76,2,2,2,1,4,3,4,3,4
0,36,5,13,2,4,4,4,5,4,5
0,79,5,7,3,3,2,2,4,1,3
1,27,5,NA,2,2,3,3,3,3,4
1,66,2,3,2,1,4,4,3,3,4
1,27,5,8,1,3,4,4,4,1,3
1,48,4,7,2,1,3,3,3,2,4
1,39,2,6,2,2,3,4,4,4,4
0,22,5,3,1,2,4,4,4,4,4
0,46,5,7,2,5,4,4,4,4,4
1,59,4,6,1,4,3,4,5,4,4
0,72,5,7,3,2,3,3,3,3,3
1,70,2,5,3,2,2,3,3,2,4
0,35,2,9,2,2,3,2,4,3,3
1,48,2,NA,2,2,3,3,4,3,3
1,27,2,NA,1,6,4,4,5,3,4
0,39,5,9,1,4,2,2,4,2,4
1,28,5,6,1,5,4,4,5,3,5
1,31,4,9,1,1,5,5,5,5,5
0,65,2,7,2,6,1,2,4,3,2
0,53,2,8,3,2,3,3,4,3,4
0,62,5,6,2,3,4,4,4,3,4
1,49,5,9,2,2,3,4,4,3,3
1,59,NA,3,2,5,3,3,3,2,2
0,67,5,8,2,4,3,4,4,3,3
1,34,2,7,1,4,2,4,4,4,3
1,29,5,NA,2,2,2,5,5,3,4
0,46,3,8,2,2,3,4,4,3,2
1,28,5,8,1,4,4,4,4,3,4
1,65,5,3,1,3,4,3,4,2,3
0,66,5,9,2,4,4,4,4,4,4
1,48,5,1,1,2,3,2,2,1,2
1,38,4,2,2,4,2,4,4,4,5
0,66,5,11,2,3,3,4,3,3,4
1,26,5,10,1,4,4,4,4,4,4
1,36,5,8,1,5,4,5,4,4,4
0,49,2,8,2,5,4,4,3,4,3
1,35,5,6,1,2,4,4,4,4,4
0,50,2,9,1,2,4,4,4,4,3
1,55,2,NA,1,2,3,3,3,3,3
0,51,2,10,2,5,4,4,4,4,4
0,68,2,8,2,2,3,3,3,2,3
1,22,5,NA,1,4,4,4,4,4,4
0,54,4,1,3,4,3,3,3,3,3
1,77,2,3,1,1,3,3,3,2,3
1,67,2,NA,3,1,4,4,4,4,5
0,40,5,9,3,3,3,5,4,5,4
1,59,2,5,3,4,3,4,3,3,4
1,28,2,7,1,4,3,4,2,4,2
1,41,5,NA,2,2,4,4,4,4,4
0,52,5,9,1,4,3,4,4,4,4
0,56,5,NA,2,1,3,3,3,3,3
1,76,2,5,3,3,4,3,4,2,4
1,61,4,1,2,1,4,4,4,3,4
0,53,2,8,1,4,3,4,4,3,4
1,64,2,NA,2,2,4,3,4,3,3
1,34,5,10,1,3,1,5,5,5,5
1,42,4,6,2,2,4,4,4,4,4
0,55,5,10,3,3,4,4,4,4,4
1,52,3,NA,1,3,4,5,4,4,4
1,49,5,9,1,1,4,4,2,3,4
0,70,2,6,3,1,2,3,3,2,3
0,71,5,7,3,1,2,4,5,1,4
0,65,5,9,2,2,4,4,4,4,4
0,41,5,10,1,7,1,1,1,1,1
1,79,1,3,3,5,3,4,4,4,4
0,70,5,9,3,3,3,3,3,3,3
1,65,4,2,1,2,4,3,3,4,3
0,76,5,19,3,2,3,4,4,4,3
0,46,4,7,2,3,4,4,4,4,4
1,44,2,8,1,4,4,4,4,4,4
0,35,5,8,2,3,3,4,4,4,4
0,34,5,3,2,4,1,4,4,1,1
1,57,4,1,1,2,3,3,3,3,3
0,62,5,14,1,2,4,4,3,4,3
1,58,4,7,1,1,3,4,4,2,4
0,75,2,7,3,4,4,4,4,4,4
1,60,2,4,3,5,4,3,3,4,4
0,25,5,7,1,4,4,4,4,4,4
1,71,4,3,2,2,4,4,4,4,4
0,35,5,10,1,4,5,5,5,5,5
1,24,5,7,1,5,4,5,5,5,5
0,27,5,9,1,4,4,4,4,4,4
0,49,2,8,1,2,3,4,4,3,3
1,62,5,6,3,2,3,3,4,3,4
1,45,2,7,1,6,4,4,4,4,5
1,23,4,6,1,3,5,5,5,5,5
1,40,2,2,1,3,4,4,4,2,2
1,26,4,7,1,5,5,4,5,4,4
0,62,5,10,2,3,5,4,4,4,2
1,25,5,5,1,4,5,5,5,4,3
0,49,5,9,2,2,2,3,3,2,3
1,40,2,9,1,5,1,4,5,4,3
0,69,2,6,1,7,3,4,4,3,3
1,74,4,3,3,1,4,4,4,4,4
0,43,2,10,3,4,4,5,5,4,5
1,56,4,3,2,2,4,4,4,4,4
1,54,3,NA,1,2,2,3,4,3,4
0,25,5,9,1,5,2,4,3,3,4
1,19,5,2,1,2,4,4,5,5,3
0,60,6,15,2,1,3,4,4,4,3
1,29,5,8,1,5,2,2,2,2,3
0,70,5,9,1,3,3,4,4,4,4
1,74,2,5,2,2,4,4,4,3,3
1,72,2,3,3,3,1,3,3,1,4
0,63,5,15,3,2,4,5,5,5,5
1,50,4,9,1,4,4,4,4,4,2
1,54,4,3,2,2,4,4,4,4,4
1,55,3,9,2,2,4,4,4,3,4
1,46,5,NA,2,1,4,4,4,3,4
1,58,3,1,1,2,5,4,3,2,1
0,57,4,10,3,2,3,4,4,3,4
0,78,5,NA,1,2,2,3,2,3,3
0,57,5,10,3,2,4,4,4,4,4
1,60,2,1,3,2,4,4,4,3,2
0,57,4,10,2,2,3,4,4,2,2
1,72,2,NA,3,1,2,3,4,3,4
0,66,2,2,2,2,3,4,3,3,3
1,57,6,1,1,2,4,4,3,4,3
1,45,5,4,2,3,3,4,4,3,4
1,52,4,6,2,2,3,3,4,2,2
1,46,4,1,1,4,5,5,5,5,5
1,51,2,6,2,2,3,4,4,3,3
1,58,4,4,2,1,4,5,5,5,5
1,64,2,4,3,3,2,2,2,2,3
1,73,5,2,3,4,4,2,4,3,4
0,70,5,3,1,2,1,4,4,1,3
0,63,5,7,3,2,2,4,4,4,4
1,61,2,7,3,3,1,1,4,1,2
0,62,2,1,1,2,3,3,3,3,4
1,47,2,2,1,4,1,1,1,1,1
1,38,5,9,2,2,4,5,4,4,4
1,37,5,10,2,5,4,5,4,5,5
0,48,5,6,1,4,4,4,4,4,4
0,40,3,12,2,2,4,3,4,4,4
0,35,6,NA,1,5,3,3,3,3,3
0,72,4,4,1,4,5,4,4,3,3
0,28,5,9,1,6,4,4,4,4,4
1,75,2,4,2,1,3,4,4,3,4
1,63,5,4,3,2,3,4,4,3,4
0,38,2,13,2,3,1,1,2,1,1
0,27,2,4,1,4,5,5,5,5,3
1,28,5,6,1,5,3,4,4,4,4
1,56,4,6,2,4,3,3,4,2,4
1,74,4,3,3,1,3,3,4,3,4
0,55,2,9,1,2,3,4,4,2,3
1,72,5,4,3,1,4,4,4,4,4
0,58,2,7,2,3,4,3,3,3,3
1,56,2,1,3,1,4,4,4,3,3
1,69,5,1,3,2,3,4,3,3,4
0,59,2,NA,1,5,3,4,4,2,4
1,47,2,3,2,2,5,4,3,5,5
0,47,6,13,1,1,3,4,4,4,4
0,75,2,6,3,7,2,4,4,3,4
1,75,4,NA,3,1,3,3,3,3,3
1,70,4,6,1,4,4,5,4,5,4
0,74,3,7,2,2,3,3,4,3,3
0,46,5,NA,1,2,2,4,4,3,2
0,45,2,9,2,2,4,5,5,4,4
0,51,3,8,2,2,4,4,4,3,3
0,48,5,11,1,2,2,4,4,3,4
1,46,4,8,2,2,2,4,2,1,2
0,25,5,NA,1,4,4,4,4,3,4
1,47,4,8,2,2,4,4,4,3,3
0,76,2,14,3,1,3,3,4,2,4
1,70,3,NA,2,1,3,3,3,3,2
0,52,2,11,3,1,1,1,1,1,1
1,55,2,6,2,1,3,4,4,4,4
1,36,5,7,1,2,4,3,3,3,4
0,47,6,14,2,2,4,3,4,2,3
1,57,4,1,2,3,4,4,4,4,4
0,28,5,9,1,5,2,3,3,3,2
1,75,5,11,3,1,4,2,4,3,4
0,57,5,9,2,3,3,3,3,3,3
1,47,6,8,2,1,4,5,5,3,4
1,22,4,4,2,6,4,5,5,5,5
1,44,3,3,2,2,4,4,4,3,3
1,76,4,2,3,4,3,3,4,3,4
0,74,1,8,3,4,3,4,4,2,4
1,22,3,6,1,4,5,5,5,5,4
0,23,5,2,1,6,4,4,4,5,4
1,20,2,1,1,4,4,4,5,5,4
0,25,6,4,1,5,4,5,5,4,3
1,40,2,7,1,4,2,3,3,2,2
0,58,5,9,3,3,3,3,2,3,4
1,46,4,1,1,3,2,3,3,3,4
1,55,4,3,3,4,4,4,4,4,4
1,47,5,1,1,2,4,4,4,4,4
0,62,5,7,1,5,3,3,3,2,3
1,56,4,1,1,3,3,4,4,3,3
1,59,2,1,3,2,3,4,4,4,3
1,52,5,8,1,7,5,5,5,4,5
0,36,6,11,2,3,5,5,4,5,4
1,65,2,7,1,1,3,5,3,3,2
0,46,2,8,1,5,3,4,3,3,4
0,70,2,6,3,3,4,4,5,4,4
0,33,5,14,1,1,4,5,5,5,5
0,55,5,11,1,2,4,5,5,4,4
0,72,2,7,3,2,2,3,3,3,4
0,49,2,7,1,3,4,4,4,4,3
1,44,2,3,1,1,3,3,4,3,4
0,39,2,NA,1,5,3,3,4,3,3
1,41,2,7,2,2,4,5,4,4,3
0,73,2,10,3,5,2,4,4,3,4
1,37,2,7,1,1,3,4,4,2,4
1,67,2,4,3,4,3,3,4,3,4
1,21,5,2,1,2,4,4,4,4,4
0,31,2,7,2,5,4,5,5,4,4
0,38,3,5,1,3,1,2,2,1,2
0,65,2,NA,2,3,3,3,4,3,3
0,73,3,7,3,4,3,4,4,4,4
0,37,6,11,1,4,3,4,4,4,4
1,49,5,8,2,5,4,4,4,4,4
0,55,5,12,2,5,4,4,4,4,4
1,58,2,6,1,1,4,4,4,4,4
1,65,4,7,2,6,3,4,4,3,3
1,47,4,3,2,2,4,4,4,4,4
0,67,5,7,2,2,4,4,4,4,2
1,24,5,NA,1,5,4,4,4,4,4
0,66,3,8,2,2,4,4,4,4,4
0,45,3,8,1,2,4,4,4,4,3
1,20,4,2,1,3,3,4,4,4,3
1,73,2,3,3,1,3,4,4,3,4
0,62,5,8,3,1,3,3,3,2,3
1,52,5,19,1,1,4,5,4,4,5
0,47,5,14,2,3,2,4,4,4,4
0,18,2,2,1,4,2,5,5,2,4
0,44,5,13,2,2,4,4,4,4,5
1,50,5,7,2,5,5,5,5,4,4
1,42,5,1,2,1,3,4,4,2,4
0,70,5,3,3,1,3,4,3,3,3
1,77,2,3,3,2,2,4,4,2,4
1,67,4,9,1,7,3,3,3,3,3
1,40,4,7,1,3,4,4,4,4,4
1,40,5,7,1,2,3,3,3,3,4
1,75,5,3,3,1,3,4,4,3,4
1,41,5,8,2,2,4,4,4,4,4
1,39,5,7,2,1,1,1,4,1,5
0,58,5,9,1,5,4,4,4,3,4
1,74,5,3,3,5,4,4,4,3,4
1,40,5,3,2,3,4,5,5,5,4
0,63,5,3,3,2,3,3,4,3,4
0,32,2,2,1,7,4,2,1,3,2
1,64,4,2,3,2,5,5,5,4,4
1,47,4,4,2,2,2,3,4,1,3
0,79,5,6,3,2,3,4,4,3,3
1,30,2,1,1,4,3,4,4,4,4
1,56,4,1,2,1,4,4,4,4,4
1,55,2,3,3,2,3,4,4,4,4
0,43,5,9,2,2,1,3,3,2,3
1,59,4,4,3,4,3,3,3,2,2
1,39,5,2,2,3,3,4,4,3,3
0,44,5,11,1,2,1,2,1,1,2
0,68,5,8,2,3,2,3,3,3,4
0,65,1,3,1,4,3,4,4,4,4
1,33,5,17,2,2,4,2,4,2,2
0,38,5,6,1,2,2,4,3,3,1
0,38,NA,13,1,4,3,3,3,3,3
1,53,2,3,1,2,4,3,3,2,3
1,30,5,NA,2,3,3,4,4,3,2
0,28,5,8,1,4,3,3,3,2,3
1,51,5,9,1,2,2,4,3,2,3
0,44,5,10,2,2,5,5,5,5,1
0,74,5,8,3,2,4,4,4,4,4
1,38,5,NA,1,2,3,4,4,3,4
0,64,5,19,3,4,3,3,3,3,3
1,77,4,NA,3,4,3,3,4,3,4
0,40,6,9,2,4,4,3,4,3,5
1,60,2,10,1,1,2,4,4,4,4
1,22,2,2,1,7,4,5,5,4,4
1,49,4,4,1,1,3,3,3,3,3
1,39,5,7,2,2,4,4,3,4,4
0,48,2,13,2,2,3,3,3,4,3
0,70,5,6,3,1,3,4,4,4,4
1,73,2,4,3,2,4,4,4,4,4
1,71,5,5,3,1,3,3,4,2,4
1,34,3,7,2,5,4,4,3,3,4
0,59,2,2,1,1,4,4,4,1,4
1,60,3,4,3,1,3,4,5,3,4
1,26,6,4,1,4,2,4,5,2,4
1,30,4,8,2,3,3,3,3,1,3
0,73,5,8,2,2,4,4,4,3,4
1,28,5,9,2,5,4,4,4,4,4
1,69,2,4,3,3,4,4,4,4,4
0,70,3,NA,2,1,3,4,4,3,4
1,74,5,NA,3,2,5,4,4,5,4
1,61,2,1,3,2,3,4,3,3,4
0,50,2,10,2,4,4,4,4,4,4
1,39,2,3,1,5,4,5,5,4,4
0,28,2,3,1,4,3,3,3,3,3
1,65,4,NA,2,4,4,3,4,3,4
0,72,2,5,1,5,3,3,3,2,2
0,36,5,9,2,4,3,3,4,3,3
1,56,5,3,2,3,3,4,4,3,3
1,61,4,1,3,3,3,3,3,3,3
0,41,2,10,1,4,4,4,4,3,4
0,57,4,9,2,2,3,3,3,3,4
1,42,2,4,2,5,4,4,4,3,4
1,48,4,1,2,2,3,4,5,3,3
0,73,5,15,3,3,4,5,5,4,5
1,28,3,4,1,1,4,4,4,3,3
1,38,5,8,1,3,2,4,4,2,3
1,61,4,9,2,2,5,5,4,5,5
1,49,2,8,1,2,3,3,3,3,3
0,49,5,11,2,3,4,5,5,4,3
1,57,2,NA,1,2,4,4,4,4,4
1,71,5,NA,2,4,4,4,5,4,5
1,70,NA,NA,2,2,3,4,4,3,3
0,43,5,11,2,2,3,3,3,3,3
1,47,2,6,1,1,3,3,3,3,3
1,22,5,1,1,7,2,2,2,2,3
1,68,4,3,3,2,3,3,3,3,3
1,71,4,1,3,3,4,4,5,2,4
0,43,5,10,1,3,2,3,3,3,3
1,72,3,5,3,5,2,3,4,2,4
1,63,2,2,3,4,3,4,5,3,3
1,56,4,1,1,7,2,2,1,2,3
0,53,5,12,2,2,3,4,4,4,4
0,37,5,13,1,4,2,2,2,2,2
0,74,5,NA,3,2,2,3,3,3,3
0,61,2,9,3,3,3,3,3,3,4
1,42,4,NA,2,4,4,4,3,3,4
0,35,5,11,2,2,3,2,3,2,2
1,69,5,3,3,2,2,3,3,2,4
1,46,5,6,1,5,4,5,4,4,4
1,49,4,1,1,2,3,3,3,3,3
0,62,5,NA,1,3,1,1,3,1,4
1,61,NA,1,2,2,3,5,4,4,4
1,74,3,4,3,1,1,4,4,3,4
1,62,3,NA,2,1,3,3,4,3,3
0,49,5,NA,2,2,4,4,4,4,4
1,38,5,1,2,2,3,4,4,4,2
1,70,5,6,1,1,3,4,4,4,4
1,45,5,2,1,2,3,3,3,2,3
1,73,3,NA,2,5,3,2,2,2,3
0,72,5,1,3,2,4,4,4,2,3
1,71,2,3,3,3,3,4,4,3,4
1,27,5,7,1,5,3,2,4,3,2
1,71,2,6,3,3,3,2,4,3,2
1,26,5,7,1,6,5,5,5,5,5
1,66,4,3,1,5,2,3,4,2,3
0,39,2,9,2,4,4,4,3,4,3
0,33,5,9,1,2,3,4,4,4,3
1,49,5,3,3,2,2,4,4,2,3
0,22,5,14,2,4,3,2,2,3,2
0,36,4,10,2,4,4,4,3,3,4
1,33,NA,1,2,2,4,3,3,3,4
1,57,2,1,3,2,4,4,4,4,4
0,39,5,9,1,2,2,3,3,3,4
1,71,4,3,2,4,3,4,4,3,4
1,41,3,11,1,5,4,4,4,4,5
0,57,5,8,1,2,3,5,5,5,5
1,36,5,2,1,2,5,5,5,5,5
0,73,5,6,2,1,3,1,3,3,3
0,48,6,3,1,5,5,5,5,5,5
0,73,2,6,1,1,3,4,2,3,4
1,47,4,1,2,4,3,4,4,3,3
0,79,5,6,2,3,3,3,3,3,3
0,55,2,1,1,2,4,3,3,4,3
1,71,NA,6,3,2,3,3,3,3,3
1,62,2,3,3,2,4,3,4,3,4
1,73,2,3,1,7,3,3,4,3,3
1,30,5,NA,1,2,3,4,4,3,3
0,61,NA,7,1,5,4,4,2,4,3
1,61,2,1,1,2,5,4,5,5,5
1,52,4,7,1,3,4,4,4,3,5
0,72,2,7,3,4,3,4,4,3,4
0,51,5,8,3,3,4,4,4,4,4
1,49,5,3,2,2,3,3,4,4,4
1,35,2,2,2,2,3,4,4,2,5
1,36,2,1,1,2,3,3,3,3,4
0,36,5,9,1,4,2,3,2,3,3
0,27,5,9,1,5,4,4,4,4,4
1,67,4,7,1,3,3,3,3,3,3
1,57,4,4,1,2,4,4,4,4,4
1,47,5,NA,1,4,3,4,4,3,4
0,75,2,6,3,1,2,3,3,3,3
0,73,5,NA,3,3,3,4,4,3,4
0,75,5,13,2,4,4,4,5,4,4
1,67,5,6,3,5,2,3,4,3,4
1,66,5,5,2,2,3,4,4,4,4
0,47,5,9,1,3,3,3,3,2,3
0,52,5,9,2,2,4,4,4,4,4
1,58,4,14,3,2,4,4,4,4,4
1,47,5,5,2,2,4,4,4,4,4
1,74,2,3,3,2,3,3,3,3,4
1,62,2,4,1,1,4,4,4,4,4
0,26,6,12,1,4,5,5,5,5,5
0,71,2,6,1,1,2,3,2,2,3
1,26,6,7,1,3,5,5,5,5,4
0,18,2,14,1,3,4,4,4,4,4
0,73,5,6,3,5,3,4,4,4,2
0,70,1,6,2,1,3,3,2,3,4
1,72,2,3,3,1,2,3,3,3,4
1,22,5,NA,1,2,3,3,4,3,3
0,48,5,9,1,6,3,4,4,4,4
1,36,5,6,1,2,4,3,4,3,3
1,74,5,4,3,4,4,4,5,4,4
0,25,5,8,1,4,2,2,4,3,3
1,32,6,7,1,4,4,4,4,3,3
0,71,5,7,2,2,3,4,4,4,4
1,75,4,6,2,2,3,4,3,3,4
0,47,2,2,1,3,3,3,4,3,4
1,72,5,7,3,2,3,4,4,3,4
0,55,5,14,2,2,4,4,4,4,4
0,43,5,6,2,4,3,5,5,4,4
1,38,2,7,1,5,1,4,3,2,2
0,33,2,7,1,4,4,5,4,4,5
1,52,4,7,1,2,4,4,4,4,4
0,48,2,NA,1,4,3,3,3,3,3
0,59,5,9,3,2,3,4,4,1,3
1,60,2,3,3,2,3,4,4,3,4
0,42,2,7,1,4,5,5,5,5,5
0,71,2,7,2,6,3,4,3,1,2
1,72,2,4,3,7,2,3,3,3,3
1,63,4,8,1,3,4,4,4,3,4
1,41,2,1,2,2,3,4,4,4,4
0,55,5,13,2,2,3,4,3,3,3
0,35,6,12,2,5,3,3,5,3,3
0,28,5,6,1,4,5,5,4,4,5
0,38,5,12,2,2,4,3,2,2,4
0,55,2,6,1,1,3,4,4,4,4
1,62,2,6,3,1,4,4,5,4,4
1,29,5,7,1,2,4,4,4,4,4
0,19,5,1,1,4,5,4,4,3,3
1,69,2,NA,1,2,2,3,2,1,2
0,44,5,2,1,2,1,1,4,1,1
1,71,4,8,2,2,3,3,3,3,4
0,50,5,9,1,2,4,4,4,4,4
0,70,2,NA,2,1,3,3,3,3,3
1,41,5,1,2,2,4,5,5,4,4
0,39,6,10,1,3,4,5,4,4,4
1,47,2,NA,1,1,3,3,3,2,3
1,37,5,1,1,5,4,4,4,4,4
0,62,5,15,2,1,2,4,4,2,4
0,65,5,4,3,2,2,4,4,3,2
1,65,4,1,3,1,2,2,2,3,3
0,50,2,7,1,2,3,4,4,3,3
1,63,4,3,1,5,3,3,4,2,3
1,51,2,6,1,2,3,3,4,3,5
1,47,5,7,1,3,4,4,4,3,4
1,40,6,12,1,1,4,4,4,3,4
1,31,5,6,2,2,2,4,3,2,2
0,76,2,6,2,2,3,4,4,3,4
1,29,5,8,1,5,3,4,4,3,4
1,77,5,7,2,4,3,4,4,3,4
1,46,2,1,1,2,1,2,2,2,3
1,44,2,4,1,3,3,3,4,3,3
1,43,5,10,1,2,4,4,4,4,3
0,40,3,8,2,3,3,3,3,3,3
0,49,6,12,2,3,3,4,4,4,4
1,39,6,10,1,5,2,4,4,3,2
0,39,5,9,1,5,4,3,4,3,4
1,70,4,2,3,7,4,4,4,4,4
0,41,5,8,1,5,4,3,3,3,4
1,51,4,6,1,2,4,4,4,3,3
1,40,2,9,1,2,4,2,2,2,2
1,22,5,NA,1,3,3,3,3,3,3
0,77,4,9,3,1,3,4,3,3,3
0,70,2,NA,1,2,3,3,3,3,2
0,75,2,6,3,1,3,4,4,3,4
1,76,4,6,2,2,4,4,4,4,4
1,48,2,3,2,2,2,3,3,3,3
1,51,2,6,2,2,3,4,4,3,3
0,37,5,12,1,5,4,5,5,3,5
0,69,2,7,2,2,3,3,4,3,4
1,38,1,5,2,2,3,3,4,4,4
0,75,2,4,1,3,4,3,4,3,3
0,72,5,7,3,3,3,3,4,2,3
1,71,3,NA,3,2,3,3,3,3,3
0,70,5,6,3,2,3,3,3,3,3
0,77,2,8,3,2,2,3,3,2,4
0,26,2,8,1,4,3,5,3,4,5
0,54,2,13,3,1,3,3,4,3,3
1,48,2,NA,1,1,3,4,4,3,3
0,74,5,6,3,1,3,3,4,2,4
1,39,2,2,2,4,4,4,3,3,4
1,38,3,NA,1,1,3,4,2,3,3
1,45,2,8,1,2,4,4,4,4,4
1,61,4,6,1,2,4,4,5,4,4
0,74,2,2,2,6,4,4,5,4,4
1,62,5,2,3,2,4,4,4,3,4
1,71,2,6,1,2,2,3,3,3,3
1,53,2,NA,1,1,4,4,4,4,4
1,23,5,6,1,2,5,5,5,5,4
1,45,NA,8,1,4,4,4,4,4,4
1,59,4,6,2,2,3,5,4,3,4
1,67,5,4,3,4,3,4,4,3,4
1,45,2,3,1,5,3,3,3,3,4
1,56,2,NA,1,2,3,4,4,4,4
0,54,5,6,1,1,3,3,4,3,3
0,39,1,1,1,2,1,1,1,1,3
0,37,2,7,1,1,2,4,4,2,4
0,47,5,15,2,1,3,4,4,3,4
1,72,2,3,3,1,3,3,3,3,4
1,27,6,8,1,5,3,5,5,4,4
0,73,4,7,2,4,4,4,4,2,4
0,58,2,8,1,2,2,4,4,2,4
1,63,2,6,3,5,3,4,4,3,4
1,58,2,7,2,2,4,2,3,4,3
0,52,6,7,1,4,3,3,3,3,3
0,56,2,2,3,3,3,3,3,3,3
1,75,2,4,3,3,3,3,3,3,3
1,67,1,6,2,3,2,2,3,3,4
1,68,5,6,2,2,3,4,4,3,4
1,60,4,2,2,5,2,3,3,2,4
1,38,5,NA,1,3,5,4,4,4,5
1,41,5,NA,2,3,4,4,4,4,4
1,67,4,NA,3,1,2,4,4,2,3
1,46,5,12,1,5,4,4,4,4,4
1,66,2,6,3,1,4,5,4,4,4
1,69,4,3,3,1,4,3,3,4,4
0,43,2,8,1,2,4,4,3,3,4
0,26,5,8,1,3,2,4,5,4,3
1,48,4,3,1,4,4,4,4,4,5
1,33,4,2,2,5,3,1,3,2,2
0,46,5,10,1,4,3,3,3,3,3
0,33,5,9,1,4,3,5,4,4,5
0,63,2,7,3,3,3,4,4,3,4
1,44,2,7,1,2,3,3,3,3,4
1,75,3,7,3,1,2,3,3,3,3
0,76,5,9,3,2,3,4,4,3,4
0,45,3,6,2,3,2,3,4,3,4
1,37,5,1,2,3,4,4,4,4,4
1,66,5,1,3,5,3,3,4,3,4
0,36,5,1,1,6,3,2,2,1,1
1,49,5,10,2,2,4,4,4,3,4
0,37,2,11,3,3,4,4,4,4,3
0,48,5,10,1,4,2,3,4,2,2
0,54,2,5,1,1,2,3,4,2,3
1,37,4,6,2,2,3,4,4,3,3
1,61,4,6,1,4,5,5,5,5,5
1,54,5,8,1,3,3,3,3,3,3
1,25,2,NA,1,6,5,5,5,5,5
1,59,4,9,1,2,2,3,3,2,4
0,70,5,6,3,3,3,3,3,3,3
1,51,4,1,2,2,3,4,4,2,3
1,38,4,8,2,2,4,4,4,4,4
0,37,6,14,2,5,5,4,5,3,4
1,50,5,NA,3,1,1,3,3,1,3
0,59,1,5,1,5,3,3,3,3,3
1,79,5,13,3,4,3,3,5,4,4
1,25,4,2,1,1,3,4,4,2,4
1,30,5,10,1,2,4,4,4,4,4
0,73,5,8,3,1,3,4,4,4,2
1,77,4,7,3,2,5,5,4,4,5
0,77,5,6,2,2,3,5,3,2,4
1,45,5,7,2,2,3,4,4,3,3
0,66,2,2,3,4,2,4,4,3,2
1,46,2,NA,1,3,3,3,3,3,4
0,71,5,7,2,2,3,3,3,3,3
1,25,2,7,1,1,4,5,4,5,4
1,69,5,5,2,2,2,4,4,4,3
1,49,4,1,1,3,1,3,3,2,3
1,54,5,NA,2,2,3,4,4,4,4
1,73,5,3,3,4,3,4,4,4,4
1,37,5,7,2,4,3,4,4,3,3
0,45,1,3,1,6,2,4,4,3,2
1,27,5,7,1,3,2,2,4,3,4
1,38,5,2,2,1,3,4,4,3,4
0,33,5,9,1,5,2,4,4,3,3
0,36,1,7,1,4,3,4,4,3,3
1,32,5,4,1,5,5,5,5,5,4
0,43,1,8,3,2,4,2,4,4,4
1,45,2,4,1,2,2,2,3,2,4
1,64,2,3,2,2,2,4,4,2,4
1,74,2,2,2,1,3,2,3,2,3
1,73,2,1,2,5,3,3,4,3,4
0,74,2,7,3,1,3,3,2,3,3
1,32,5,7,1,2,3,4,3,3,4
1,49,2,4,1,1,3,4,4,2,4
0,77,5,7,3,2,4,4,4,4,4
1,61,4,1,2,2,4,4,4,4,4
1,40,4,1,2,1,4,4,4,3,4
1,26,5,6,1,3,4,5,5,3,3
1,51,4,NA,2,4,2,4,4,2,2
0,59,NA,NA,1,2,3,2,2,2,3
0,20,5,1,1,2,3,4,5,5,5
1,48,2,7,1,4,4,4,3,3,4
1,71,3,5,3,3,3,3,4,2,3
0,40,5,11,2,3,4,3,4,4,3
1,50,5,3,3,2,3,4,5,4,4
1,52,2,NA,1,4,2,4,4,2,3
1,58,5,2,3,1,3,4,4,3,4
0,49,5,1,1,2,4,4,4,4,4
1,28,5,8,1,5,4,4,4,4,4
0,39,5,11,1,3,4,4,4,5,4
1,76,2,3,3,2,2,3,3,2,4
1,54,4,NA,1,4,4,3,3,3,3
0,48,2,NA,2,4,4,3,4,3,2
0,25,5,6,1,4,3,3,3,3,3
1,62,5,6,3,5,3,4,4,5,4
1,33,3,1,2,2,5,5,5,4,4
1,41,3,NA,1,2,3,2,2,3,3
1,51,2,4,2,4,1,1,2,1,2
1,40,5,3,1,1,3,4,4,3,3
1,75,2,3,3,1,2,3,3,2,3
0,44,5,8,2,5,2,2,4,2,4
0,61,2,9,3,2,2,3,3,2,3
1,56,4,4,3,2,2,4,5,2,2
1,37,4,6,2,3,4,1,4,2,4
0,72,2,6,2,1,4,4,4,3,4
0,33,6,12,2,4,3,4,4,4,3
1,56,2,2,1,4,4,4,4,2,4
0,62,6,10,2,1,3,3,4,3,3
0,72,2,19,3,2,3,3,4,3,4
1,71,2,5,3,2,3,4,4,3,4
0,72,5,6,3,2,4,4,4,3,4
1,76,4,4,2,2,3,4,4,3,4
1,43,5,1,2,2,2,4,4,3,3
1,44,5,NA,1,3,2,4,4,1,1
1,69,2,4,3,3,3,4,4,3,4
1,58,5,7,2,1,3,3,4,2,3
0,52,2,9,2,2,4,4,4,3,4
1,39,2,1,2,1,3,3,3,3,3
1,41,4,2,2,4,1,3,3,2,3
1,57,1,1,3,2,4,4,4,4,4
1,70,4,NA,3,1,3,3,3,3,4
1,66,5,NA,3,2,4,4,4,4,4
1,46,2,8,2,1,3,3,3,3,3
1,52,4,7,2,1,1,2,4,2,2
1,29,5,7,1,3,4,4,4,4,4
1,64,2,4,3,2,4,4,4,4,4
1,71,2,3,3,4,4,4,4,4,4
1,74,4,3,1,2,3,3,3,3,3
1,62,5,NA,2,2,3,3,3,3,3
1,24,5,7,1,2,4,3,3,4,4
1,35,5,NA,1,1,2,3,3,3,2
0,29,5,8,1,6,3,3,3,3,3
0,25,5,8,1,4,5,4,5,5,5
0,36,5,8,1,6,2,4,4,3,4
1,75,2,3,3,2,3,3,4,3,4
1,78,4,NA,1,1,3,3,3,4,3
1,58,2,7,3,3,3,3,3,3,3
1,63,3,1,2,1,3,3,5,3,3
1,30,4,1,2,1,2,3,2,1,3
0,69,5,6,2,4,4,3,3,3,4
1,50,5,13,1,2,4,4,4,4,4
1,28,5,9,2,3,3,3,4,3,3
1,50,3,9,3,1,3,2,3,3,4
1,31,2,7,1,4,4,2,3,2,3
1,33,5,8,1,3,4,3,4,2,4
0,42,5,2,1,5,2,3,4,3,3
0,38,5,13,1,4,2,2,4,4,4
1,53,4,NA,1,2,4,4,4,4,4
0,42,5,11,2,2,4,4,4,4,4
0,39,2,12,1,5,4,5,4,4,3
1,32,2,3,1,1,3,3,3,3,3
1,34,5,7,1,4,4,4,4,4,4
1,61,4,3,3,1,3,4,4,3,4
0,46,1,10,1,3,4,4,4,4,3
0,33,2,9,2,1,3,3,3,2,3
1,34,2,6,1,2,3,3,3,3,3
1,25,2,NA,1,4,4,4,4,4,4
1,38,1,1,1,1,3,3,4,2,3
0,72,6,9,3,1,3,3,3,3,4
1,60,5,2,2,3,4,4,5,4,4
0,49,5,13,2,2,4,4,4,4,3
0,49,2,10,1,4,3,4,4,4,4
1,24,5,NA,1,4,3,3,2,3,3
0,63,5,8,3,5,4,4,4,4,3
1,53,4,NA,1,1,2,1,3,2,4
1,66,2,6,3,3,3,4,4,3,5
1,47,2,NA,1,3,3,4,4,3,4
1,38,5,1,1,2,3,4,5,4,2
1,43,5,3,2,1,4,4,4,4,3
0,46,5,9,1,4,2,2,2,2,4
0,29,2,8,1,3,3,4,4,3,4
0,48,2,7,1,2,2,4,4,4,3
0,22,3,2,1,6,3,4,4,2,4
1,67,2,5,2,2,2,3,2,3,3
1,41,2,7,2,4,4,4,4,4,4
0,65,5,NA,3,1,3,3,3,3,3
1,76,2,3,3,3,4,4,5,4,4
0,56,5,12,2,3,4,4,4,4,4
0,27,5,2,1,5,2,2,4,2,4
1,74,4,13,3,2,4,4,3,3,4
1,37,5,NA,1,3,3,4,4,3,3
1,70,2,3,3,2,1,2,2,1,4
1,74,2,3,3,2,2,3,4,2,5
0,66,5,9,1,1,4,4,4,4,5
0,48,5,1,1,1,3,4,4,3,5
0,37,5,NA,1,2,3,3,1,3,3
0,78,2,12,3,3,3,4,5,3,3
1,25,2,14,1,4,4,4,4,4,3
1,73,2,NA,2,5,3,3,3,3,3
1,70,5,12,2,6,3,3,4,3,4
0,34,5,8,1,2,2,3,3,2,3
1,67,2,3,3,2,3,3,4,2,4
1,49,6,7,1,5,4,4,3,3,4
0,62,5,14,1,4,2,3,3,2,2
1,70,2,NA,3,2,3,4,4,3,3
0,32,2,1,1,5,3,3,3,2,2
1,45,2,1,1,2,4,4,4,4,4
1,20,3,1,1,3,2,5,5,5,2
0,38,2,12,2,2,2,3,4,2,2
0,29,3,NA,1,5,3,3,3,3,3
0,74,2,6,2,2,2,3,3,3,2
0,49,2,NA,1,5,3,2,3,1,3
1,35,5,4,1,5,3,4,4,2,4
0,74,5,NA,2,1,4,3,4,2,4
1,38,5,8,1,4,4,4,4,4,4
0,46,2,7,1,6,4,5,5,4,5
0,38,5,9,2,3,4,4,4,4,3
1,61,6,8,1,4,4,4,5,4,4
1,61,2,NA,1,5,4,5,5,4,4
0,56,2,11,2,2,2,2,2,4,2
0,45,2,NA,1,5,4,4,4,4,4
0,70,5,6,2,2,2,3,4,4,2
1,41,4,1,1,2,1,3,3,2,3
1,70,4,6,1,1,2,4,4,3,3
1,79,2,3,2,2,5,4,5,4,3
1,42,5,3,2,4,4,4,4,4,5
1,70,2,6,2,1,3,4,4,3,3
1,58,2,4,1,7,2,4,3,2,3
0,42,5,12,1,4,3,3,4,3,2
0,66,5,8,3,5,4,4,4,4,4
0,39,5,7,3,3,5,5,5,5,5
1,23,5,6,1,3,4,4,4,4,4
1,47,5,1,3,1,2,3,3,3,3
1,70,NA,1,2,1,1,3,3,3,3
0,47,6,12,2,3,3,4,3,4,3
1,23,2,7,2,5,3,1,3,3,4
1,72,2,2,1,2,1,3,4,1,4
1,24,5,8,2,3,3,4,4,3,4
1,36,5,9,2,5,4,4,4,4,4
1,60,4,7,3,5,3,4,4,4,4
1,62,4,8,3,1,4,3,4,4,4
1,52,2,9,1,2,2,4,4,3,3
1,23,5,7,1,3,4,2,2,2,3
1,27,5,1,1,5,4,4,3,4,4
1,55,5,3,2,5,4,4,4,4,4
1,29,6,10,1,4,5,4,5,5,4
1,43,4,1,1,1,3,2,2,2,2
1,49,2,6,2,6,2,4,3,3,4
1,67,2,NA,3,2,4,4,4,3,4
1,48,5,7,1,2,2,3,4,2,2
1,48,5,5,1,2,2,3,2,2,3
1,52,4,15,1,2,4,4,5,4,1
0,53,5,13,2,2,2,4,4,2,4
0,72,2,4,3,1,4,4,3,3,2
1,32,5,1,2,3,4,3,2,2,2
1,46,2,1,2,5,3,3,3,3,3
0,45,5,15,2,2,4,4,2,4,4
1,66,2,8,1,2,4,4,4,4,5
1,24,5,NA,1,3,3,3,3,3,3
0,28,6,8,1,7,3,3,1,1,4
0,71,6,NA,2,2,2,3,4,3,2
1,70,2,6,2,1,2,2,2,1,2
1,37,2,9,1,2,4,4,4,4,3
1,52,1,7,3,4,2,3,2,4,4
1,55,2,1,2,6,2,3,3,2,2
0,44,5,10,2,3,5,5,5,5,5
0,28,NA,NA,1,2,3,3,3,3,3
1,55,4,7,1,2,4,4,4,4,4
1,58,2,6,2,4,3,4,4,4,3
0,47,2,8,3,3,4,4,4,3,3
1,48,2,12,1,1,3,3,2,3,3
0,67,5,9,3,2,4,4,5,4,4
1,70,2,2,3,2,2,4,3,2,2
0,44,5,10,2,2,4,4,4,4,4
1,66,5,2,3,1,2,3,3,3,3
1,52,2,1,1,6,2,3,3,3,4
1,52,2,4,2,3,2,4,4,2,3
1,74,5,4,2,1,3,4,4,4,4
0,46,NA,NA,1,1,1,4,3,2,2
0,73,2,NA,3,4,2,4,4,2,4
0,38,5,7,1,4,2,5,4,4,4
0,71,2,8,3,1,3,3,3,2,4
1,26,5,9,1,4,2,2,2,2,2
1,30,5,5,2,2,4,4,4,4,4
1,39,2,7,2,2,2,4,3,3,4
1,65,5,3,3,3,4,4,4,4,5
1,38,6,4,1,6,3,3,3,3,3
1,78,5,7,1,2,4,4,3,4,3
0,45,4,8,1,3,1,1,3,1,1
1,49,4,NA,2,5,4,4,4,3,3
1,29,5,8,1,3,2,4,4,3,3
1,49,4,NA,2,1,2,5,5,2,3
0,39,6,NA,2,3,3,3,3,3,3
0,46,2,11,2,3,3,4,4,4,4
1,41,2,NA,1,6,3,4,4,3,3
1,28,5,3,2,6,4,4,4,3,4
1,60,4,5,2,1,4,4,4,4,4
1,35,2,4,1,3,3,4,5,3,4
1,74,5,7,3,2,4,3,4,3,3
1,36,2,NA,1,4,3,5,5,3,5
0,71,2,9,3,5,2,3,2,2,2
0,79,5,8,2,1,3,3,4,4,4
1,60,4,NA,1,2,4,4,4,4,3
0,69,5,7,2,4,2,3,4,3,2
1,61,5,NA,1,2,3,4,4,4,3
0,29,2,10,2,1,1,1,1,1,1
1,48,2,7,2,1,3,5,4,3,4
0,57,5,7,1,3,3,4,3,3,4
1,42,5,1,1,3,1,3,3,3,4
1,56,2,1,1,2,3,4,4,3,3
1,61,2,1,1,2,3,4,4,4,5
1,60,NA,NA,1,4,4,5,5,4,4
1,61,2,NA,1,3,3,3,3,3,3
0,26,4,9,1,4,4,4,4,3,2
1,56,4,2,3,2,3,4,3,3,4
0,59,2,9,2,3,3,3,3,3,3
1,54,4,3,1,2,4,4,4,4,4
1,69,5,6,3,1,3,3,4,2,4
1,70,2,1,3,2,4,3,4,3,4
1,26,5,7,1,2,3,3,4,3,4
1,43,2,2,2,2,3,3,3,3,4
0,74,2,6,3,1,2,3,4,2,3
0,73,5,7,3,1,3,4,4,2,2
0,30,5,9,2,1,4,4,4,4,4
1,74,5,4,3,1,3,4,4,4,4
1,27,5,10,1,3,1,2,3,2,4
1,72,5,3,3,1,3,3,2,3,4
1,23,5,NA,1,3,3,4,4,3,4
1,70,5,NA,3,1,4,4,4,4,4
0,37,5,10,1,3,3,2,2,4,3
1,64,2,3,3,2,3,4,4,3,4
1,56,4,4,3,4,4,4,4,3,4
1,59,2,3,1,1,4,4,4,4,5
1,50,4,3,1,3,4,4,4,3,4
1,70,NA,NA,2,2,4,4,4,4,4
0,48,6,11,2,2,3,4,4,4,4
0,27,5,7,1,5,3,3,4,3,4
1,53,2,2,1,2,1,1,2,1,1
1,52,2,8,2,1,4,4,4,4,4
1,68,5,5,3,2,3,3,4,3,4
1,48,2,3,2,5,3,3,3,3,4
1,70,5,2,2,1,3,3,3,3,3
1,32,5,8,2,3,2,4,4,3,3
1,71,5,2,2,4,3,4,4,3,3
1,45,4,2,1,2,3,4,4,3,4
1,34,5,5,1,7,4,3,4,3,2
0,71,2,8,3,4,3,3,3,3,3
1,64,2,3,3,2,3,4,4,3,4
1,78,2,6,2,3,4,3,4,3,4
0,70,2,7,3,4,2,3,3,2,2
1,36,2,1,2,2,3,3,3,3,3
0,72,5,6,3,2,3,4,5,3,4
0,64,2,NA,1,2,4,4,4,4,4
1,39,2,7,1,2,3,4,4,4,3
1,71,5,4,1,4,4,5,4,4,4
0,66,3,4,2,3,3,4,4,3,3
1,78,2,2,3,4,2,3,3,2,3
1,61,4,1,1,6,3,3,3,3,4
1,42,5,1,2,2,3,4,4,3,3
1,63,2,6,3,1,3,3,3,3,3
1,49,2,6,3,2,4,4,4,4,4
1,60,3,9,3,1,4,4,4,4,4
1,32,5,1,2,3,3,4,4,3,3
0,49,5,11,2,2,3,4,4,4,4
1,40,4,9,2,2,4,4,4,4,4
1,67,5,3,3,2,3,4,5,3,3
1,43,2,6,2,3,3,3,4,3,4
1,38,NA,NA,2,1,3,3,3,3,3
1,27,2,1,2,2,3,4,4,3,4
1,63,2,1,2,2,4,2,4,1,3
1,59,2,1,3,1,3,3,3,3,4
1,76,4,4,3,1,3,4,4,3,4
1,52,2,4,2,7,2,3,3,2,3
0,66,5,10,3,3,3,3,3,3,2
0,69,5,13,3,4,3,4,2,4,3
1,61,4,6,3,1,3,4,4,3,5
0,37,2,10,2,2,3,3,4,4,4
1,30,4,7,1,2,4,4,4,4,3
1,56,2,4,2,1,3,1,3,3,2
1,51,2,1,1,7,3,3,3,3,3
0,33,5,9,2,2,3,4,2,3,4
0,76,2,6,3,4,3,3,4,3,4
1,47,6,2,2,3,3,3,4,4,4
1,67,2,NA,1,2,3,3,3,3,3
1,51,NA,1,2,2,4,3,4,4,5
0,25,5,8,1,3,4,4,4,3,4
1,37,3,NA,3,2,4,4,4,4,4
1,49,1,2,1,5,5,5,5,3,5
0,69,2,7,3,1,3,3,3,3,4
1,71,4,3,1,1,4,4,4,3,4
0,46,5,10,2,4,4,5,4,4,4
0,38,5,NA,1,7,4,5,5,4,3
1,31,5,6,2,2,3,3,3,3,3
1,25,5,8,1,3,4,4,4,4,4
1,20,2,1,2,2,1,1,1,1,1
0,45,5,12,2,2,4,4,4,4,4
0,48,2,7,1,2,2,2,3,2,2
0,43,5,10,1,3,2,3,4,3,3
1,65,4,8,1,3,4,4,4,4,4
1,37,5,9,1,4,3,3,4,3,3
1,59,3,4,3,5,2,3,3,3,4
1,70,2,8,2,3,3,3,3,3,3
0,45,5,7,1,5,1,3,5,1,1
1,76,3,6,2,2,3,4,5,4,4
1,27,5,8,1,2,5,5,5,5,5
1,27,4,3,2,2,2,1,3,2,3
1,39,5,9,2,4,4,5,5,4,4
0,70,2,NA,3,1,3,3,2,3,3
0,59,2,7,1,2,3,3,4,2,3
1,39,2,3,2,3,3,2,1,1,4
0,57,5,12,3,3,4,4,4,3,3
1,31,5,9,1,3,3,4,5,4,4
1,37,2,4,2,1,3,5,4,3,4
1,38,5,1,2,5,3,4,4,4,4
1,36,5,7,2,4,2,4,4,3,2
0,44,6,13,1,4,4,3,3,3,3
1,74,3,NA,1,2,3,4,4,2,4
1,61,2,7,1,2,3,4,3,3,4
1,32,3,1,2,2,2,3,3,4,4
0,35,5,10,1,4,5,5,5,4,4
0,70,5,1,3,3,5,5,5,5,5
1,74,3,3,3,2,3,4,3,3,3
0,48,2,9,2,5,3,2,3,1,4
0,46,5,11,2,5,3,4,3,3,2
1,55,2,10,1,2,3,3,3,2,3
1,38,3,7,1,3,3,4,4,4,3
1,19,5,2,1,3,3,3,3,3,3
1,54,2,7,3,1,3,4,3,3,4
1,26,5,NA,1,2,3,4,4,3,3
0,68,5,5,1,3,2,4,4,3,4
1,68,2,5,3,5,1,2,2,2,2
1,39,5,7,2,2,5,5,5,5,5
1,51,4,9,1,2,4,4,4,4,4
0,66,5,8,3,2,3,3,4,3,2
0,48,2,NA,1,2,3,3,3,3,3
1,49,4,NA,1,1,4,4,4,4,3
0,37,5,14,2,4,5,4,4,5,5
0,28,5,8,1,5,4,4,4,4,4
1,77,5,6,3,1,3,3,3,3,3
1,67,4,3,2,2,3,4,5,4,3
1,69,4,3,1,1,3,3,3,3,4
1,32,5,1,2,2,3,4,4,3,3
1,58,4,6,2,3,3,4,5,4,4
1,65,2,7,1,3,4,3,4,3,3
1,43,4,7,1,2,4,5,4,4,4
1,51,5,NA,3,4,3,2,3,2,3
0,38,2,8,1,2,3,4,4,3,4
1,34,4,NA,2,5,3,4,4,2,3
0,40,5,12,1,2,4,4,3,3,3
1,64,4,2,1,2,3,3,3,2,3
1,44,3,6,2,4,4,4,4,4,4
0,42,5,9,2,3,4,5,4,5,3
1,24,5,8,1,3,4,5,5,4,5
1,38,5,1,2,2,4,4,4,4,4
1,50,5,NA,1,1,2,3,4,2,3
1,32,3,7,2,3,2,3,4,2,5
1,63,2,6,1,3,3,3,4,3,3
1,75,2,6,3,2,3,3,4,3,4
1,68,2,2,3,3,2,4,4,3,3
1,71,2,3,2,2,1,4,4,3,3
1,41,4,NA,1,1,3,4,4,3,4
1,77,2,2,2,1,2,4,4,4,4
1,33,5,1,2,2,1,2,4,3,2
1,36,2,8,2,2,2,3,4,4,3
0,58,5,8,1,1,4,5,3,4,4
1,33,4,6,1,4,4,5,4,5,3
1,40,2,NA,2,2,3,4,4,4,3
0,70,5,10,3,7,4,4,4,4,4
1,61,4,7,1,2,3,4,4,3,4
1,61,2,1,2,2,5,5,4,5,4
1,24,2,3,1,5,3,3,3,3,2
1,35,4,8,1,5,4,4,3,4,4
1,27,4,1,2,4,5,5,5,4,5
0,33,6,11,2,3,4,5,5,4,4
0,57,5,13,2,2,3,3,4,3,3
1,74,4,6,3,2,3,3,4,3,4
1,52,5,11,1,3,3,3,4,3,4
0,73,5,4,2,3,4,4,4,4,4
1,55,3,8,2,2,3,3,5,2,4
1,50,4,4,1,5,2,2,3,2,2
0,33,2,8,2,3,3,4,4,4,4
1,70,4,4,3,1,4,4,4,3,4
1,30,2,NA,1,2,4,5,5,5,4
1,38,2,5,1,3,4,4,4,4,4
1,37,3,1,2,5,4,3,4,3,3
0,35,5,8,2,4,3,4,4,4,5
1,29,5,6,1,1,2,4,4,4,4
1,55,2,1,2,3,4,4,4,4,2
0,67,5,7,3,1,3,3,4,3,4
1,71,2,6,1,1,4,4,3,3,4
1,70,4,6,3,2,3,4,4,3,4
0,37,2,4,1,1,3,3,3,3,3
1,21,2,3,1,3,4,4,4,4,4
1,46,5,8,2,2,4,4,4,4,4
1,32,5,1,2,2,2,4,4,3,3
0,64,5,12,2,2,3,4,4,3,3
1,57,2,7,2,2,5,5,5,4,5
1,76,2,7,3,6,4,4,2,2,4
0,46,5,10,1,3,4,4,3,4,4
1,70,2,NA,3,2,4,3,3,3,3
1,21,4,6,1,4,1,5,3,3,5
0,73,2,6,3,5,3,4,4,3,4
0,71,5,8,3,3,3,4,4,3,3
1,31,5,13,2,4,4,4,4,4,4
0,41,6,11,1,1,5,5,5,5,5
1,56,4,8,1,2,4,4,4,3,3
1,56,4,NA,1,3,2,3,4,3,2
1,64,2,2,2,2,3,3,3,2,3
1,63,5,3,1,2,3,4,4,3,4
1,66,2,3,1,1,1,2,2,1,3
0,46,3,9,2,3,2,3,3,2,3
1,54,2,8,2,1,2,3,4,3,3
0,33,5,6,1,5,4,2,5,2,4
1,65,5,3,2,2,3,3,4,3,4
0,39,5,2,1,2,3,3,2,1,2
1,29,5,8,1,3,4,4,4,4,4
0,43,5,8,1,4,4,4,4,3,5
1,27,NA,8,1,2,4,3,3,2,4
1,49,2,3,2,4,4,4,4,4,4
0,61,NA,NA,1,6,3,3,3,3,3
1,52,4,NA,1,4,4,4,4,4,5
0,48,5,NA,1,2,3,4,4,3,3
1,41,5,8,1,3,3,4,4,3,3
0,71,5,NA,3,1,3,3,3,3,3
1,71,2,3,3,3,3,3,4,3,3
1,29,5,6,2,5,5,4,4,5,4
0,73,2,7,2,1,3,3,3,3,3
1,56,4,6,1,2,3,4,4,3,4
1,62,3,5,1,2,2,3,4,3,3
1,29,5,8,1,2,3,4,4,2,3
1,61,5,5,2,4,5,5,4,4,4
0,24,5,9,1,4,4,4,4,3,3
0,43,5,10,1,7,3,3,4,3,4
0,39,2,9,2,3,3,3,3,4,4
1,73,5,3,3,2,3,4,4,4,4
1,53,3,NA,2,2,2,4,4,4,4
1,74,5,NA,3,3,3,4,4,3,4
0,70,5,3,1,7,3,4,4,3,4
1,29,5,8,1,4,4,4,4,4,4
1,32,NA,NA,1,3,3,3,3,3,3
1,39,5,1,2,2,4,4,4,3,3
1,22,5,3,1,2,3,4,5,4,4
1,76,4,NA,2,4,3,3,4,3,4
1,21,5,NA,1,4,2,4,4,2,3
0,77,5,6,3,2,4,2,4,2,3
1,68,2,NA,3,2,2,5,4,2,2
1,64,5,4,2,3,4,4,4,4,4
1,50,2,1,2,4,3,4,4,3,3
1,32,5,1,2,3,4,4,5,4,3
1,56,3,8,3,1,4,4,4,4,4
1,56,2,3,2,2,1,3,3,2,3
0,37,5,7,1,5,2,3,3,2,2
1,52,2,3,2,5,3,4,3,4,3
0,34,5,3,2,7,3,4,4,4,4
1,72,2,NA,3,1,3,3,3,3,3
0,45,5,11,2,1,4,4,4,4,2
1,63,2,1,3,2,2,3,3,3,4
1,66,5,8,3,1,3,3,3,3,3
0,26,5,8,1,2,4,5,5,5,2
1,75,5,NA,2,5,3,3,5,4,4
0,64,2,6,3,2,2,4,4,2,5
0,61,5,3,1,4,4,4,4,3,4
0,67,5,6,3,6,5,5,5,5,5
1,75,2,3,1,3,4,4,4,2,3
0,62,2,NA,2,3,2,3,4,3,4
0,60,3,8,1,2,3,3,3,3,4
1,72,5,2,3,3,4,4,4,2,3
1,76,5,9,1,1,3,4,4,3,4
1,36,4,4,2,4,3,4,3,3,3
1,39,5,NA,1,2,3,3,3,2,3
