ID,Female,Age,Temp_Ishin
1,0,44,NA
2,1,32,50
3,1,53,20
4,1,22,0
5,1,27,NA
6,1,28,NA
7,0,28,30
8,1,45,NA
9,1,33,50
10,0,30,NA
11,1,22,NA
12,0,25,70
13,0,33,30
14,0,31,10
15,0,53,50
16,0,44,0
17,0,22,30
18,0,70,80
19,0,50,20
20,1,59,NA
21,1,51,NA
23,1,45,NA
24,0,20,30
25,0,59,NA
26,1,35,80
27,0,70,10
28,1,52,50
29,0,48,NA
30,0,70,NA
31,1,31,NA
32,0,22,NA
33,1,42,60
34,0,36,NA
35,1,49,NA
36,1,59,10
37,0,36,30
38,1,72,30
39,0,61,30
40,0,58,60
41,1,40,80
42,1,74,50
43,0,42,60
44,0,42,100
45,0,71,50
46,0,51,90
47,0,39,NA
48,0,43,50
49,0,61,40
50,0,60,50
51,0,69,40
52,0,50,0
53,0,52,NA
54,0,47,40
55,0,63,10
56,0,36,NA
57,0,37,40
58,0,46,50
59,0,39,20
60,0,49,NA
61,0,70,70
62,1,59,30
63,1,44,NA
64,0,29,50
65,0,42,80
66,1,75,70
67,1,40,60
68,0,66,60
69,0,26,50
70,0,48,40
71,1,53,NA
72,1,31,20
73,0,47,NA
74,0,45,0
75,0,33,0
76,0,49,NA
77,0,33,40
78,1,60,NA
79,0,60,30
80,1,74,20
81,1,21,NA
82,0,59,10
83,1,28,70
84,0,60,20
85,0,50,10
86,0,46,20
87,0,48,70
88,1,68,NA
89,1,75,NA
90,1,48,30
91,0,35,60
92,1,54,NA
93,0,53,20
94,1,64,NA
95,0,59,NA
96,1,29,NA
97,1,70,NA
98,0,43,40
99,0,68,50
100,0,66,60
101,0,54,NA
102,0,39,50
103,0,26,20
104,1,48,NA
105,0,30,60
107,0,61,70
108,1,33,80
109,0,69,50
110,1,57,30
112,0,71,80
113,0,36,40
114,0,61,50
115,1,21,20
116,1,69,50
117,1,77,10
118,0,70,0
119,1,67,NA
120,0,56,10
121,0,37,40
122,1,75,60
123,1,60,40
124,1,50,20
125,0,62,60
126,1,48,NA
127,0,47,50
128,0,41,50
129,0,70,50
130,1,41,10
131,0,44,70
132,0,55,60
133,0,65,90
134,0,73,20
135,0,64,50
136,1,43,NA
137,1,60,50
138,1,49,60
139,0,56,30
140,1,25,20
141,0,36,40
142,0,60,60
143,0,46,50
144,1,70,NA
145,0,58,30
146,0,61,60
147,0,44,50
148,0,67,NA
149,1,34,NA
150,0,73,50
151,1,34,NA
152,1,19,0
153,1,71,NA
154,1,53,NA
155,1,35,70
156,0,74,0
157,0,29,60
158,1,30,NA
159,1,72,10
160,0,18,10
161,0,52,50
162,0,54,0
163,1,64,NA
164,1,29,50
165,1,19,NA
166,1,37,NA
167,0,60,50
168,0,45,0
169,0,29,80
170,0,67,70
171,0,27,NA
172,1,72,60
173,1,26,NA
174,1,47,70
175,0,64,30
176,1,27,NA
177,1,55,NA
178,1,72,90
179,0,61,60
180,0,49,NA
181,0,59,60
182,1,25,NA
183,0,29,0
184,0,34,60
185,0,65,10
186,1,64,60
187,0,64,10
188,0,70,50
189,0,52,0
190,0,47,NA
191,0,56,20
192,0,48,NA
193,0,57,NA
194,0,34,50
195,0,65,0
196,1,54,30
197,1,51,70
198,0,77,70
199,1,44,10
200,0,46,NA
201,0,49,40
202,0,28,30
203,1,26,60
204,1,34,NA
205,1,33,0
206,1,67,40
207,0,71,20
208,1,41,NA
209,0,63,40
210,0,31,40
211,0,39,0
212,1,74,50
213,0,71,NA
214,0,62,10
215,0,38,40
216,0,29,50
217,0,74,10
218,0,67,60
219,1,69,50
220,1,48,NA
221,0,71,40
222,0,44,10
223,1,46,NA
224,1,54,NA
225,0,43,70
226,0,28,NA
227,0,78,0
228,1,27,50
229,0,51,NA
230,0,57,NA
231,1,44,40
232,0,43,40
233,0,43,70
234,0,64,70
235,0,72,20
236,1,62,10
237,0,60,30
238,0,73,40
239,0,76,40
240,0,47,30
241,0,32,50
242,0,58,10
243,1,51,100
244,0,52,10
245,1,71,NA
246,0,71,50
247,1,70,50
248,0,36,90
249,1,60,0
250,0,53,20
251,0,44,NA
252,1,22,NA
253,1,47,50
254,1,66,40
255,1,62,50
256,1,38,60
257,1,52,50
258,0,54,60
259,1,41,40
260,0,43,80
261,0,75,0
262,0,20,70
263,1,37,NA
264,1,79,100
265,1,41,70
266,1,50,30
267,0,45,NA
268,1,60,40
269,0,21,NA
270,1,73,0
271,1,61,40
272,1,73,10
273,1,46,60
274,0,77,80
275,0,54,0
276,0,52,50
277,1,28,NA
278,0,41,NA
279,0,31,50
280,1,71,50
281,0,61,50
282,1,35,NA
283,0,29,80
284,1,70,80
285,1,66,50
286,0,22,NA
287,1,30,0
288,1,52,60
289,1,24,40
290,0,75,70
291,1,63,80
292,0,72,70
293,0,25,60
294,0,29,70
295,0,35,NA
296,0,23,NA
297,0,71,60
298,1,72,30
299,1,61,40
300,1,69,70
301,0,53,30
302,0,37,NA
303,0,73,80
304,1,26,10
305,1,72,60
306,1,27,NA
307,0,47,20
308,1,27,30
309,1,72,30
310,1,41,NA
311,1,76,0
312,0,55,50
313,1,68,NA
314,1,72,70
315,1,53,50
316,1,74,NA
317,0,35,0
318,1,50,0
319,0,39,0
320,1,46,NA
321,0,36,60
322,0,53,50
323,1,41,NA
324,0,34,40
325,0,51,60
326,0,75,50
327,1,70,40
328,1,59,NA
329,1,77,70
330,1,50,0
331,1,60,80
332,1,74,60
333,1,46,NA
334,1,21,40
335,0,52,60
336,0,23,50
337,0,79,60
338,0,36,40
339,0,34,40
340,1,64,50
342,1,78,30
343,1,46,50
344,1,30,NA
345,1,46,50
346,0,63,80
347,1,52,40
348,1,49,30
349,1,74,70
350,1,60,50
351,1,55,NA
352,1,60,50
353,0,25,50
354,0,37,50
355,0,72,NA
356,0,47,70
357,1,27,NA
358,1,62,20
359,0,75,40
360,1,43,NA
361,0,67,60
362,1,26,NA
363,1,45,NA
364,1,45,NA
365,0,34,10
366,1,72,50
367,1,60,30
368,0,41,60
369,0,65,60
370,1,58,NA
371,0,57,80
372,0,71,0
373,1,65,60
374,1,50,NA
375,0,74,50
376,0,51,10
377,0,58,50
378,1,69,10
379,1,44,NA
380,1,34,10
381,0,64,70
382,0,26,60
383,1,59,50
384,0,74,70
385,0,70,0
386,0,35,NA
387,0,34,60
388,1,73,90
389,1,18,NA
390,0,69,NA
391,0,67,60
392,0,28,30
394,0,70,50
395,0,40,60
396,1,43,NA
397,1,29,30
398,1,61,10
399,0,49,70
400,0,72,40
401,0,74,40
402,1,68,40
403,1,73,30
404,0,28,40
405,1,37,30
406,0,77,0
407,1,78,50
408,1,32,50
409,0,62,60
410,1,36,NA
411,0,63,70
412,1,71,40
413,0,70,30
414,1,40,100
415,0,63,0
416,1,60,20
417,0,67,70
418,1,48,60
419,0,68,10
420,1,50,60
421,1,41,50
422,1,45,0
423,1,60,20
424,1,55,50
425,0,35,70
426,1,36,NA
427,1,57,40
428,1,36,NA
429,0,47,0
430,1,72,50
431,0,70,30
432,0,56,70
433,1,71,NA
434,0,63,50
435,0,39,80
436,0,47,0
437,0,46,70
438,0,52,NA
439,1,63,10
440,0,45,NA
441,0,72,50
442,0,45,NA
443,0,74,10
444,1,51,20
445,1,36,NA
446,1,54,50
447,1,52,40
448,0,49,NA
449,1,65,40
450,0,44,NA
451,0,65,60
452,0,72,50
453,0,29,NA
454,0,71,0
455,1,69,10
456,1,71,50
457,1,63,60
458,0,29,30
459,0,48,0
460,0,57,NA
461,0,24,40
462,1,31,50
463,1,60,40
464,0,40,60
465,1,67,0
466,0,49,50
467,0,52,80
468,0,22,NA
469,1,65,NA
470,0,26,50
471,0,72,50
472,0,70,50
473,1,29,40
474,0,60,70
475,0,70,70
476,0,66,60
477,0,52,40
478,0,65,70
479,1,38,50
480,0,54,20
481,0,55,60
482,0,20,100
483,0,31,70
484,1,70,30
485,0,66,70
486,0,70,0
487,0,63,30
488,1,61,30
489,1,51,80
490,1,23,90
491,0,77,60
492,0,55,NA
493,0,48,50
494,1,70,NA
495,0,45,NA
497,1,27,NA
498,1,56,NA
499,1,74,100
500,1,46,50
501,0,76,40
502,0,29,30
503,1,73,0
504,1,61,60
505,0,56,NA
506,0,30,50
507,1,61,60
508,1,42,NA
509,0,35,80
510,0,55,50
511,0,71,70
512,0,38,50
513,0,70,70
514,1,79,70
515,1,67,50
516,1,78,100
517,0,73,NA
518,1,33,NA
519,0,34,30
520,0,46,50
521,1,79,70
522,0,72,50
523,0,61,20
524,1,72,20
525,1,71,30
526,1,37,20
527,1,33,50
528,1,41,50
529,0,24,80
530,1,57,20
531,0,74,60
532,1,48,50
533,1,22,30
534,1,18,NA
535,0,67,20
536,0,43,40
537,0,32,60
538,1,67,50
539,1,75,NA
540,1,47,NA
541,1,44,30
542,0,53,20
543,0,77,60
544,0,70,30
545,1,50,40
546,0,21,30
547,0,35,70
548,0,45,70
549,0,68,50
550,0,73,30
551,0,73,20
552,0,35,20
553,0,53,60
554,1,71,60
555,1,73,50
556,0,57,40
557,1,49,50
558,0,36,60
559,0,51,10
560,0,42,10
561,1,53,100
562,1,42,70
563,0,35,90
564,1,27,NA
565,0,61,NA
566,1,72,50
567,1,63,0
568,0,66,40
569,0,55,40
570,1,56,50
571,0,56,NA
572,0,53,0
573,1,63,40
574,0,79,30
575,1,60,30
576,1,38,NA
577,0,79,80
578,0,70,30
579,0,54,10
580,0,70,0
581,1,44,NA
582,1,71,0
583,0,40,60
584,1,42,40
585,0,56,0
586,0,23,40
587,0,69,40
588,1,39,0
589,1,43,30
590,0,59,50
591,1,33,40
592,1,28,NA
593,1,45,70
594,1,24,NA
595,0,41,0
596,0,53,30
597,0,60,50
598,0,26,0
599,0,66,0
600,0,36,NA
601,1,42,NA
602,1,37,50
603,0,47,40
604,1,52,20
605,1,47,20
606,0,76,40
607,1,59,40
608,1,28,40
609,1,65,60
610,0,20,NA
611,0,61,40
612,0,61,NA
613,1,38,50
614,1,73,70
615,0,29,NA
616,1,55,40
617,0,75,NA
618,0,73,50
619,0,48,50
620,1,54,80
621,0,56,60
622,1,22,NA
623,0,38,60
624,0,28,70
625,1,66,80
626,1,77,60
627,1,61,30
628,0,78,100
629,0,73,NA
630,0,71,10
632,0,72,10
633,1,55,30
634,0,54,60
635,1,39,60
636,1,71,40
637,1,26,40
638,0,76,30
639,1,57,60
640,0,42,30
641,1,31,NA
642,0,66,30
643,0,62,20
644,0,50,30
645,0,47,40
646,1,68,0
647,1,29,0
648,0,67,NA
649,1,48,20
650,0,74,80
651,1,75,NA
652,1,72,50
653,0,64,40
654,0,73,20
655,0,30,NA
656,0,61,30
657,1,64,30
658,1,45,50
659,0,65,NA
660,0,37,NA
661,0,26,80
662,0,70,40
663,0,52,50
664,0,40,40
665,1,30,NA
666,0,79,30
667,1,71,40
668,1,70,80
669,1,39,NA
670,0,79,30
671,1,75,50
672,0,41,20
673,0,72,40
674,1,45,20
675,0,50,60
676,0,24,NA
677,0,48,60
678,0,35,20
679,0,38,30
680,0,58,0
681,1,71,50
682,0,28,60
683,1,50,40
684,0,60,10
685,0,78,40
686,0,71,70
687,0,41,50
688,1,49,NA
689,0,40,0
690,0,72,60
691,0,30,NA
692,1,39,NA
693,0,72,50
694,1,43,60
695,0,48,50
696,0,71,60
697,1,20,NA
698,1,60,60
699,1,19,NA
700,1,65,60
701,1,67,40
702,0,36,20
703,1,19,NA
704,0,24,20
705,1,76,60
706,0,52,60
707,0,25,0
708,0,70,80
709,1,46,0
710,0,37,60
711,1,29,NA
712,0,74,60
713,0,49,70
714,0,24,NA
715,1,72,NA
716,0,43,50
717,1,52,40
718,1,25,50
719,0,69,40
720,0,66,50
722,1,43,NA
723,0,28,10
724,1,72,70
725,0,26,0
726,0,47,40
727,0,41,50
728,0,69,50
729,0,49,60
730,1,44,60
731,0,50,0
732,0,28,70
733,1,61,70
734,0,72,20
735,1,54,70
736,1,47,30
737,1,70,40
738,0,26,0
739,1,78,70
740,0,36,50
741,0,65,80
742,1,72,40
743,0,72,40
744,0,43,NA
745,0,73,70
746,0,53,0
747,0,67,50
748,0,77,80
749,0,71,30
750,0,73,60
751,0,51,80
752,1,65,40
753,1,66,NA
754,0,26,50
755,0,37,10
756,0,48,80
757,1,72,40
758,0,24,60
759,1,58,60
760,1,78,40
761,0,65,40
762,0,40,60
763,0,43,20
764,1,21,NA
765,1,51,0
766,1,53,40
767,0,57,50
768,1,36,NA
769,0,68,40
770,1,36,90
771,0,52,80
772,0,54,10
773,0,47,10
774,1,45,50
775,1,73,0
776,1,73,60
778,0,39,20
779,1,50,NA
780,1,57,30
781,1,43,NA
782,0,27,90
783,0,43,NA
784,1,67,20
785,0,53,NA
786,0,39,40
787,1,28,50
788,0,49,NA
789,1,37,NA
790,1,19,NA
791,1,22,40
792,1,57,NA
793,1,39,40
794,1,71,20
795,1,32,NA
796,0,26,NA
797,0,31,10
798,0,50,60
799,0,41,50
800,0,73,50
801,1,40,50
802,0,47,10
803,0,47,80
804,1,49,NA
805,0,46,80
806,0,52,60
807,0,62,100
808,0,61,40
809,1,19,30
810,0,58,10
811,0,25,40
812,0,26,60
813,0,29,50
814,1,37,10
815,0,38,10
816,0,75,NA
817,1,50,70
818,1,54,40
819,1,69,NA
820,0,37,50
821,1,50,10
822,1,70,NA
823,0,47,NA
824,1,63,0
825,1,43,NA
826,0,44,50
827,1,64,50
828,1,51,50
829,0,35,20
830,1,28,80
831,0,72,10
832,1,77,NA
833,0,37,30
834,0,39,50
835,0,34,NA
836,0,52,50
837,0,47,0
838,0,66,60
839,1,72,40
840,0,38,NA
841,0,59,10
842,1,41,20
843,1,20,50
844,1,34,NA
845,1,49,10
846,0,44,80
847,0,71,40
848,1,24,50
849,0,65,70
850,0,74,NA
851,1,27,100
852,0,39,10
853,0,37,60
854,1,59,NA
855,0,27,NA
856,1,56,NA
857,0,45,40
858,1,39,50
859,1,24,NA
860,1,52,NA
861,1,52,50
862,1,26,NA
863,0,27,60
864,1,59,30
865,0,48,0
866,0,49,NA
867,0,46,80
868,0,45,0
869,0,68,30
870,0,40,40
871,1,37,80
872,1,41,0
873,0,46,NA
874,0,23,0
875,0,61,50
876,0,51,NA
877,0,42,10
878,1,46,60
879,0,72,0
880,0,28,0
881,0,51,80
882,1,38,90
883,0,21,NA
884,0,44,60
885,0,65,70
886,0,47,50
887,0,60,60
888,0,29,80
889,1,29,60
890,1,26,70
891,0,43,60
892,1,27,NA
893,0,74,0
894,0,55,80
895,1,29,NA
896,1,24,50
897,1,59,50
898,1,56,50
899,1,52,50
900,1,72,NA
901,1,47,NA
902,1,51,NA
903,1,64,NA
904,0,37,NA
905,0,27,60
906,0,73,0
907,0,61,30
908,0,45,40
909,1,25,70
910,0,65,30
911,1,25,50
912,0,32,60
913,1,28,NA
914,1,74,10
915,1,18,0
916,1,46,40
917,1,45,20
918,0,25,60
919,1,39,60
920,0,27,NA
921,1,70,NA
922,1,23,80
923,1,49,50
924,1,23,40
925,0,60,60
926,0,21,NA
927,0,72,40
928,1,22,NA
929,0,47,30
930,0,40,30
931,1,29,NA
932,1,54,60
933,0,35,30
934,1,58,NA
935,0,23,NA
936,0,49,0
937,0,24,50
938,0,56,0
939,0,54,40
940,1,70,50
941,0,29,NA
942,0,70,0
943,1,51,80
944,0,59,20
945,1,27,30
946,0,25,50
947,0,48,50
948,1,71,NA
949,0,61,20
950,0,48,30
951,0,41,80
952,1,24,10
953,0,24,10
954,0,31,30
955,0,50,50
956,0,31,60
957,0,52,NA
958,0,59,70
959,1,51,50
960,0,72,60
961,0,59,80
962,1,51,NA
963,0,27,40
964,1,46,0
965,1,28,NA
966,1,34,50
967,1,71,60
968,0,49,60
969,0,51,40
970,0,20,NA
971,0,42,50
972,1,33,NA
973,0,67,20
974,1,20,NA
975,1,73,60
976,1,73,60
977,0,47,50
978,0,27,20
979,1,58,50
980,1,48,NA
981,0,73,40
982,0,25,NA
983,1,48,10
984,1,58,20
985,1,61,50
986,1,59,50
987,0,63,70
988,0,51,NA
989,0,54,50
990,0,59,100
991,0,26,60
992,0,32,30
993,0,43,20
994,0,59,30
995,1,27,NA
996,0,38,30
997,1,57,60
998,0,46,70
999,0,23,NA
1000,1,31,40
1001,0,77,50
1002,0,29,NA
1003,0,29,70
1004,1,32,NA
1005,0,23,90
1006,0,63,60
1007,0,24,20
1008,0,57,0
1009,1,53,50
1010,0,59,40
1011,1,70,60
1012,1,34,10
1013,0,45,50
1014,0,45,40
1015,1,46,60
1016,0,53,NA
1017,1,79,40
1018,1,24,NA
1019,1,31,NA
1020,1,18,NA
1021,1,29,50
1022,1,31,NA
1023,1,69,30
1024,1,33,NA
1025,1,25,NA
1026,0,58,40
1027,0,53,NA
1028,1,28,80
1029,0,38,50
1030,1,58,NA
1031,1,47,10
1032,1,58,50
1033,1,63,60
1034,0,40,50
1035,1,42,20
1036,1,45,NA
1037,1,28,50
1038,1,69,50
1039,0,33,40
1040,1,73,40
1041,1,72,0
1042,0,46,70
1043,0,47,10
1044,0,27,NA
1045,1,50,20
1046,1,33,30
1047,0,25,50
1048,1,45,NA
1049,1,63,30
1050,0,38,30
1051,0,38,40
1052,1,33,20
1053,1,30,0
1054,0,48,50
1055,0,33,70
1056,1,71,50
1057,1,48,50
1058,1,29,40
1059,0,44,0
1060,1,26,70
1061,1,29,20
1062,1,58,NA
1063,0,43,0
1064,1,60,NA
1065,1,75,NA
1066,1,18,NA
1067,1,52,50
1068,1,45,80
1069,0,28,NA
1070,1,30,NA
1071,0,29,60
1072,1,30,50
1073,0,51,60
1074,0,52,80
1075,0,49,40
1076,1,62,0
1077,1,37,30
1078,1,35,NA
1079,1,22,40
1080,1,40,30
1081,1,34,40
1082,1,21,NA
1083,0,46,NA
1084,0,24,NA
1085,1,40,NA
1086,1,37,NA
1087,0,57,50
1088,1,53,50
1089,1,46,NA
1090,1,28,NA
1091,0,51,10
1092,0,28,30
1093,1,27,NA
1094,1,37,30
1095,1,68,40
1096,0,60,50
1097,0,63,30
1098,0,26,70
1099,1,51,70
1100,0,73,20
1101,0,25,0
1102,0,70,40
1103,0,61,0
1104,1,57,NA
1105,1,25,50
1106,1,62,NA
1107,1,40,50
1108,0,25,50
1109,1,24,40
1110,0,45,NA
1111,0,58,40
1112,1,29,NA
1113,0,28,50
1114,1,44,10
1115,0,45,30
1116,1,29,40
1117,0,41,70
1118,0,32,70
1119,1,36,50
1120,0,74,30
1121,0,37,60
1122,1,24,NA
1123,1,50,20
1124,0,62,50
1125,1,42,0
1126,0,25,NA
1127,1,69,60
1128,0,40,NA
1129,1,58,60
1130,0,48,20
1131,1,27,0
1132,1,52,50
1133,1,34,NA
1134,1,66,0
1135,0,31,40
1136,1,65,0
1137,0,29,0
1138,1,54,NA
1139,1,60,0
1140,1,48,NA
1141,1,52,50
1142,1,35,20
1143,1,52,50
1144,0,70,40
1145,1,70,20
1146,0,34,NA
1147,0,18,40
1148,1,51,0
1149,1,22,NA
1150,0,48,40
1151,1,33,NA
1152,1,21,NA
1153,1,39,NA
1154,1,62,0
1155,0,46,NA
1156,0,54,20
1157,1,34,NA
1158,1,28,70
1159,0,49,60
1160,1,44,80
1161,0,54,70
1162,1,73,80
1163,1,43,NA
1164,0,41,NA
1165,0,59,0
1166,0,37,90
1167,0,44,70
1168,0,31,50
1169,1,32,0
1170,1,34,50
1171,0,32,30
1172,1,24,70
1173,0,28,NA
1174,0,49,10
1175,1,40,20
1176,1,48,20
1177,0,25,NA
1178,0,54,80
1179,0,45,20
1180,1,48,30
1181,1,48,NA
1182,0,45,60
1183,1,62,NA
1184,1,42,20
1185,0,40,70
1186,1,53,NA
1187,0,51,NA
1188,0,52,0
1189,0,67,40
1190,0,48,40
1191,0,34,70
1192,1,51,70
1193,0,25,NA
1194,1,47,NA
1195,0,49,40
1196,1,24,50
1197,0,28,NA
1198,1,61,20
1199,0,53,40
1200,0,19,70
1201,0,29,20
1202,1,56,NA
1203,1,73,NA
1204,0,24,NA
1205,0,37,70
1206,0,55,70
1207,1,32,60
1208,1,28,40
1209,1,69,60
1210,0,27,NA
1211,1,51,0
1212,1,24,30
1213,0,48,80
1214,1,52,60
1215,0,64,60
1216,0,61,NA
1217,1,49,50
1218,0,24,30
1219,1,41,60
1220,0,47,60
1221,1,24,NA
1222,1,37,70
1223,0,34,50
1224,0,29,70
1225,0,59,60
1226,1,29,50
1227,1,29,50
1228,0,55,20
1229,0,47,50
1230,1,52,30
1231,1,27,60
1232,1,49,10
1233,1,54,30
1234,0,41,30
1235,0,21,50
1236,0,73,60
1237,0,32,10
1238,0,41,70
1239,0,33,NA
1240,0,48,60
1241,0,26,NA
1242,1,40,10
1243,1,34,NA
1244,0,39,30
1245,1,20,10
1246,0,46,50
1247,0,32,30
1248,0,60,30
1249,1,43,NA
1250,1,32,NA
1251,1,63,NA
1252,1,56,NA
1253,0,45,NA
1254,1,33,NA
1255,1,57,30
1256,1,22,NA
1257,0,54,NA
1258,0,26,100
1259,1,58,NA
1260,0,25,20
1261,1,49,100
1262,1,31,50
1263,1,25,50
1264,1,49,50
1265,0,42,10
1266,1,25,40
1267,0,28,NA
1268,1,33,NA
1269,0,28,0
1270,0,38,60
1271,1,72,70
1272,1,64,50
1273,1,62,NA
1274,1,34,90
1275,1,41,60
1276,0,42,60
1277,0,64,10
1278,0,25,30
1279,1,21,60
1280,0,28,60
1281,1,43,0
1282,0,38,40
1283,0,22,NA
1284,1,47,NA
1285,1,50,50
1286,0,54,60
1287,0,70,40
1288,0,44,50
1291,0,53,60
1292,0,33,60
1293,1,47,0
1294,0,53,50
1295,0,50,NA
1296,0,62,60
1297,1,47,60
1298,1,70,NA
1299,1,43,NA
1300,1,31,NA
1301,0,49,40
1302,1,69,10
1303,0,60,90
1304,1,30,NA
1305,1,53,40
1306,0,34,60
1307,0,29,30
1308,1,66,20
1309,0,35,30
1310,0,55,NA
1311,0,48,0
1312,1,59,50
1313,1,69,50
1314,0,54,20
1315,0,71,NA
1316,0,45,60
1317,1,31,0
1318,0,55,20
1319,0,71,0
1320,0,66,40
1321,1,23,50
1322,0,51,10
1323,0,30,30
1324,1,41,50
1325,1,33,NA
1326,0,54,70
1327,1,36,30
1328,1,42,NA
1329,0,35,50
1330,1,60,NA
1331,1,63,20
1332,1,41,70
1333,1,73,60
1334,0,36,60
1335,0,48,50
1336,1,56,NA
1337,0,57,NA
1338,1,27,NA
1339,0,66,0
1340,1,47,40
1341,1,59,NA
1342,0,40,60
1344,0,49,30
1345,1,50,NA
1346,0,63,50
1347,0,54,NA
1348,0,72,50
1349,1,65,40
1350,0,35,70
1351,0,51,70
1352,1,45,60
1353,0,53,20
1354,1,21,10
1355,1,39,70
1356,1,31,10
1357,0,33,40
1358,1,70,40
1359,1,66,NA
1360,0,46,80
1361,0,22,60
1362,1,72,30
1363,1,34,50
1364,0,49,60
1365,0,48,NA
1366,0,40,NA
1367,0,73,NA
1368,1,44,70
1369,1,60,NA
1370,1,52,100
1371,0,66,NA
1372,1,29,40
1373,1,31,0
1374,1,51,60
1375,1,66,NA
1376,0,38,40
1377,0,32,20
1378,1,25,0
1379,0,55,NA
1380,0,49,NA
1381,0,39,40
1382,1,25,NA
1383,0,61,70
1384,0,52,60
1385,1,71,60
1386,0,62,NA
1387,1,51,40
1388,0,74,NA
1389,0,71,30
1390,1,72,40
1391,1,24,NA
1392,0,75,40
1393,0,58,70
1394,1,29,NA
1395,1,49,NA
1396,1,50,NA
1397,0,59,80
1398,0,24,40
1399,0,52,70
1400,0,56,60
1401,1,39,70
1402,0,64,0
1403,1,62,NA
1404,0,39,50
1405,1,50,NA
1406,1,70,0
1407,0,42,70
1408,0,55,NA
1409,0,65,30
1410,0,22,70
1411,0,27,0
1412,1,52,NA
1413,1,79,40
1414,0,34,50
1415,0,61,50
1416,0,68,90
1417,1,51,50
1418,0,73,90
1419,1,48,60
1420,0,60,NA
1421,0,51,50
1422,0,46,NA
1423,1,61,30
1424,1,36,0
1425,0,70,NA
1426,1,37,30
1427,1,61,NA
1428,0,46,60
1429,0,41,0
1430,1,51,80
1431,1,45,50
1432,0,39,40
1433,1,48,30
1434,1,53,80
1435,1,60,NA
1436,1,40,20
1437,0,73,20
1438,1,34,NA
1439,1,64,70
1440,0,58,0
1441,1,63,40
1442,0,51,10
1443,0,66,40
1444,1,64,80
1445,0,34,70
1446,1,46,90
1447,0,44,80
1448,1,42,60
1449,0,64,NA
1450,1,64,50
1451,1,38,50
1452,1,32,60
1453,0,71,60
1454,1,48,NA
1455,1,62,NA
1456,1,46,NA
1458,0,49,NA
1459,0,59,50
1460,1,38,0
1461,0,29,NA
1462,0,24,20
1463,0,24,NA
1464,0,63,60
1465,0,36,NA
1466,0,49,0
1467,1,43,30
1468,0,36,NA
1469,0,62,70
1470,1,72,50
1471,0,61,50
1472,1,63,50
1473,1,77,80
1474,0,57,NA
1475,0,32,40
1476,0,40,NA
1477,0,57,50
1478,1,66,30
1479,1,29,60
1480,1,70,80
1481,1,65,70
1482,1,47,50
1483,1,42,50
1484,0,44,40
1485,1,59,60
1486,1,60,50
1487,1,57,0
1488,0,27,0
1489,0,32,30
1490,1,48,NA
1491,0,57,50
1492,0,42,NA
1493,1,73,0
1494,1,53,NA
1495,1,26,60
1496,0,69,20
1497,0,31,40
1498,0,25,40
1499,0,29,30
1500,1,76,NA
1501,1,26,10
1502,0,51,30
1503,1,24,50
1504,0,57,40
1505,1,33,60
1506,1,58,10
1507,0,72,50
1508,1,43,20
1509,1,65,30
1510,1,29,40
1511,1,46,NA
1512,1,61,30
1513,1,26,NA
1514,0,37,40
1515,1,21,NA
1516,1,60,60
1517,1,32,60
1518,1,71,60
1519,1,40,70
1520,0,59,0
1521,1,51,20
1522,1,25,20
1523,0,77,40
1524,1,27,70
1525,1,23,10
1526,0,59,NA
1527,1,55,40
1528,1,30,NA
1529,1,31,NA
1530,1,76,90
1531,1,39,NA
1532,0,31,40
1533,1,70,30
1534,0,47,70
1535,1,34,NA
1536,0,42,NA
1537,0,51,100
1538,0,59,0
1539,0,73,60
1540,0,60,30
1541,1,35,NA
1542,1,74,80
1543,1,23,NA
1544,0,71,20
1545,0,43,50
1546,1,55,NA
1547,1,66,40
1548,0,74,60
1549,0,74,0
1550,1,58,40
1551,1,65,NA
1552,0,54,NA
1553,1,29,50
1554,0,66,NA
1555,1,78,70
1556,1,29,0
1557,1,42,50
1558,0,60,20
1559,1,56,60
1560,0,63,70
1561,0,55,40
1562,0,51,70
1563,1,70,NA
1564,1,71,50
1565,0,27,90
1566,1,49,60
1567,0,51,NA
1568,0,55,50
1569,1,55,NA
1570,0,63,0
1571,1,72,70
1572,0,72,40
1573,1,46,NA
1574,1,63,0
1575,1,26,0
1576,1,18,NA
1577,0,71,50
1578,1,41,NA
1579,1,40,50
1580,1,24,NA
1581,0,67,60
1582,1,33,NA
1583,0,48,NA
1584,1,28,0
1585,0,28,10
1586,0,48,60
1587,0,71,NA
1588,1,36,10
1589,0,36,60
1590,0,20,40
1591,1,70,60
1592,1,26,60
1593,0,48,NA
1594,0,58,60
1595,0,24,60
1596,0,30,50
1597,1,71,20
1598,1,47,0
1599,1,42,0
1600,1,18,50
1601,0,45,NA
1602,1,36,50
1603,1,51,60
1604,0,50,40
1605,0,67,40
1606,1,26,NA
1607,1,27,NA
1608,0,68,40
1609,0,34,NA
1610,0,29,50
1611,1,45,NA
1612,0,25,30
1613,1,55,20
1614,0,53,40
1615,0,60,0
1616,1,52,60
1617,0,44,80
1618,1,29,NA
1619,0,42,NA
1620,0,29,0
1621,1,33,70
1622,0,49,70
1623,0,41,60
1624,1,47,NA
1625,0,59,NA
1626,1,62,30
1627,1,44,50
1628,1,30,NA
1629,0,56,50
1630,1,25,20
1631,0,69,30
1632,1,54,50
1633,1,25,40
1634,1,63,50
1635,0,55,60
1636,1,40,NA
1637,1,31,NA
1638,1,46,20
1639,0,51,70
1640,0,45,60
1641,1,71,NA
1642,0,24,30
1643,1,28,NA
1644,0,36,60
1645,0,29,70
1646,0,45,20
1647,0,54,30
1648,1,36,50
1649,0,43,30
1650,1,53,50
1651,1,39,NA
1652,0,32,60
1653,1,41,50
1654,1,52,50
1655,1,61,10
1656,0,29,NA
1657,0,28,NA
1658,1,45,60
1659,0,35,80
1660,0,61,30
1661,1,63,70
1662,0,71,20
1663,1,47,NA
1664,1,32,50
1665,1,24,50
1666,1,54,0
1667,1,36,NA
1668,1,31,NA
1669,1,33,NA
1670,0,62,20
1671,0,48,0
1672,0,48,40
1673,0,20,NA
1674,1,59,NA
1675,1,37,0
1676,1,23,NA
1677,1,45,0
1678,0,45,80
1679,1,63,60
1680,0,43,60
1681,1,41,70
1682,0,46,20
1683,0,41,20
1684,1,61,60
1685,0,65,10
1686,0,58,60
1687,0,44,30
1688,0,56,20
1689,0,54,30
1690,0,64,90
1691,0,39,30
1692,1,43,50
1693,1,37,30
1694,0,57,60
1695,0,42,50
1696,1,29,40
1697,1,22,40
1698,1,48,60
1699,1,50,NA
1700,0,22,20
1701,1,28,NA
1702,0,36,0
1703,0,46,0
1704,0,38,60
1705,1,65,20
1706,1,71,40
1707,0,56,NA
1708,0,46,60
1709,0,31,50
1710,1,22,NA
1711,0,67,NA
1712,1,24,NA
1713,0,72,NA
1714,1,25,20
1715,1,67,NA
1716,1,28,50
1717,1,65,50
1718,1,19,50
1719,1,25,20
1720,1,49,NA
1721,1,72,40
1722,0,29,60
1723,1,43,70
1724,1,41,60
1725,1,56,NA
1726,1,23,50
1727,1,54,40
1728,1,72,60
1729,0,69,0
1730,0,63,NA
1731,1,34,0
1732,1,44,NA
1733,0,70,60
1734,1,27,40
1735,1,71,70
1736,0,64,50
1737,1,34,40
1738,1,73,70
1739,0,59,70
1740,0,60,40
1741,0,61,90
1742,1,50,60
1743,0,72,20
1744,0,27,20
1745,0,27,NA
1746,1,57,20
1747,0,35,30
1748,1,24,NA
1749,0,37,0
1750,1,28,20
1751,1,75,50
1752,0,35,40
1753,1,61,60
1754,1,70,30
1755,1,58,30
1756,1,34,50
1757,0,38,80
1758,0,25,50
1759,1,70,70
1760,1,50,80
1761,0,60,60
1762,1,28,NA
1763,0,53,NA
1764,0,61,30
1766,1,55,NA
1767,1,65,10
1768,1,46,60
1769,0,33,60
1770,0,67,60
1771,1,27,50
1772,1,44,NA
1773,1,64,NA
1774,1,31,40
1775,1,62,30
1776,0,70,40
1777,0,73,70
1778,1,37,NA
1779,0,46,20
1780,1,20,60
1781,0,51,60
1782,0,59,60
1783,0,22,70
1784,1,75,40
1785,1,63,NA
1786,0,71,30
1787,0,21,NA
1788,1,73,NA
1789,1,51,30
1790,0,33,60
1791,1,27,NA
1792,1,37,60
1793,1,68,50
1794,1,45,0
1795,1,76,NA
1796,0,62,20
1797,1,24,NA
1798,1,32,30
1799,1,43,NA
1800,0,62,10
1801,1,68,60
1802,0,69,NA
1803,1,37,NA
1804,1,50,0
1805,0,60,0
1806,1,70,50
1807,1,58,NA
1808,0,35,40
1809,1,53,50
1810,1,76,50
1811,0,40,60
1812,0,38,80
1813,1,78,60
1814,1,29,NA
1815,1,70,50
1816,0,63,50
1817,1,36,30
1818,0,60,40
1819,1,46,10
1820,1,60,NA
1821,0,69,10
1822,0,27,50
1823,0,48,60
1824,0,43,30
1825,1,62,60
1827,1,49,20
1828,0,42,0
1829,1,28,NA
1830,1,61,30
1831,0,51,50
1832,1,57,10
1833,1,29,0
1834,1,61,20
1835,1,61,NA
1836,1,34,10
1837,0,51,40
1838,0,52,50
1839,0,74,70
1840,0,58,10
1841,0,71,60
1842,0,21,70
1843,0,69,50
1844,1,70,30
1845,0,48,50
1846,1,63,20
1847,1,36,70
1848,1,66,10
1849,0,67,80
1850,0,45,50
1851,0,70,50
1852,0,44,NA
1853,1,77,30
1854,0,71,60
1855,0,44,70
1856,1,39,50
1857,1,62,NA
1858,1,49,40
1859,1,41,40
1860,1,54,10
1861,1,49,10
1862,0,45,70
1863,1,48,NA
1864,0,36,80
1865,0,59,40
1866,1,50,10
1867,1,46,50
1868,1,52,NA
1869,0,56,60
1871,0,71,50
1872,0,63,50
1873,0,52,NA
1874,0,65,40
1875,1,33,NA
1876,1,42,NA
1877,1,22,NA
1878,0,64,10
1879,1,42,40
1880,0,39,0
1881,1,70,50
1882,0,24,30
1883,1,71,NA
1884,0,73,50
1885,0,57,50
1886,1,76,60
1887,1,33,NA
1888,0,63,30
1889,1,72,40
1890,1,29,10
1891,0,70,70
1892,1,60,40
1893,1,36,30
1894,1,42,30
1895,0,45,60
1896,1,72,60
1897,1,29,NA
1898,0,60,80
1899,0,73,40
1900,0,23,NA
1901,1,51,NA
1902,0,44,0
1903,0,67,40
1904,1,76,70
1905,1,72,40
1906,0,53,60
1907,0,34,70
1908,1,58,60
1909,1,71,60
1910,0,54,NA
1912,0,28,NA
1913,1,68,60
1914,1,49,NA
1915,1,35,50
1916,1,50,0
1917,0,45,40
1918,1,49,50
1919,1,44,50
1920,1,18,50
1921,1,55,50
1922,1,71,60
1923,0,29,30
1924,0,25,10
1925,0,50,NA
1926,0,71,NA
1927,1,60,60
1928,1,53,20
1929,1,21,50
1930,0,45,30
1931,0,73,10
1932,1,36,NA
1933,0,29,60
1934,1,38,NA
1935,1,37,70
1936,1,57,NA
1937,1,73,NA
1938,0,49,NA
1939,1,73,20
1940,0,47,50
1941,0,60,60
1942,1,46,NA
1943,1,60,NA
1944,1,54,30
1945,1,70,10
1946,1,64,50
1947,0,46,NA
1949,1,49,50
1950,0,59,40
1951,0,70,10
1952,0,57,50
1953,0,50,60
1954,1,45,30
1955,0,71,0
1956,1,60,10
1957,1,67,NA
1958,1,60,30
1959,0,70,40
1960,0,39,0
1961,1,63,10
1962,0,28,NA
1963,1,31,NA
1964,1,69,30
1965,0,62,0
1966,1,44,60
1967,0,64,60
1968,1,49,50
1969,1,73,NA
1970,1,48,NA
1971,0,23,60
1972,0,34,60
1973,1,64,0
1974,1,68,50
1975,1,66,0
1976,0,71,10
1977,1,70,NA
1978,0,67,100
1979,1,69,50
1980,0,66,NA
1981,0,70,50
1982,0,36,60
1983,1,40,70
1984,0,63,60
1985,1,72,20
1986,1,62,70
1987,0,63,0
1988,0,33,0
1989,1,39,40
1990,0,73,40
1991,0,60,0
1992,1,50,40
1993,0,31,0
1994,1,50,50
1995,1,60,NA
1996,0,45,30
1997,1,67,NA
1998,0,62,80
1999,1,63,10
2000,1,34,0
2001,0,42,NA
2002,0,65,50
2003,1,51,80
2004,1,71,0
2005,1,71,40
2006,1,74,70
2007,0,38,70
2008,0,50,40
2009,1,42,20
2010,0,52,40
2011,0,18,30
2012,1,70,30
2013,0,64,50
2014,1,73,30
2015,1,52,NA
2016,1,71,50
2017,1,72,30
2018,1,33,20
2019,0,74,20
2020,0,73,50
2021,1,74,50
2022,1,70,60
2023,1,27,30
2024,0,56,40
2025,0,76,80
2026,0,67,80
2027,1,58,60
2028,0,67,0
2029,1,49,50
2030,1,62,50
2031,0,32,20
2032,0,61,60
2033,1,30,40
2034,1,20,70
2035,1,41,40
2036,1,33,0
2037,1,60,60
2038,0,55,NA
2039,1,49,NA
2040,0,55,90
2041,1,31,40
2042,0,47,50
2043,1,46,NA
2044,1,72,50
2045,0,65,10
2046,0,54,NA
2047,1,51,70
2048,0,71,50
2049,1,22,NA
2050,1,72,40
2051,0,42,40
2052,1,70,NA
2053,0,61,0
2054,0,56,40
2055,0,61,20
2056,1,50,0
2057,1,35,NA
2058,1,21,70
2059,1,52,0
2060,0,27,NA
2061,0,60,0
2062,0,71,50
2063,0,32,20
2064,1,60,10
2065,1,56,NA
2066,0,28,60
2067,1,61,10
2068,0,69,60
2069,0,65,NA
2070,1,54,NA
2071,1,68,60
2072,0,60,0
2073,0,27,NA
2074,1,71,30
2075,1,70,30
2076,1,73,50
2077,1,72,70
2078,0,65,60
2079,1,72,50
2080,0,67,70
2081,1,35,NA
2082,1,31,NA
2083,0,34,40
2084,1,58,50
2085,1,33,NA
2086,1,60,10
2087,1,73,40
2088,0,49,70
2089,1,23,NA
2090,0,62,30
2091,0,41,60
2092,0,24,60
2093,0,45,20
2094,0,28,50
2095,1,44,NA
2096,1,38,50
2097,0,39,NA
2098,0,52,50
2099,0,35,60
2100,1,40,20
2101,1,54,40
2102,1,65,70
2103,0,18,NA
2104,0,48,60
2105,0,72,0
2106,1,60,50
2107,0,64,50
2108,1,70,40
2109,0,33,60
2110,1,43,70
2111,1,46,50
2112,1,58,50
2113,1,31,90
2114,1,68,70
2115,0,72,50
2116,1,43,NA
2117,1,71,NA
2118,0,56,50
2119,1,76,60
2120,1,64,60
2121,1,45,60
2122,1,58,60
2123,0,68,70
2124,0,61,30
2125,0,77,40
2126,0,73,NA
2127,1,67,60
2128,1,71,40
2129,1,52,NA
2130,1,71,NA
2131,1,71,NA
2132,0,35,30
2133,0,75,40
2134,0,64,50
2135,1,70,10
2136,1,66,NA
2137,0,34,60
2138,1,53,NA
2139,1,34,NA
2140,1,56,10
2141,1,46,50
2142,1,71,70
2143,1,39,NA
2144,1,61,80
2145,1,60,50
2146,0,65,50
2147,1,50,50
2148,1,72,40
2149,1,63,20
2150,0,33,60
2151,1,73,60
2152,1,35,NA
2153,0,42,50
2154,1,64,20
2155,1,77,60
2156,1,34,30
2157,1,27,NA
2158,1,60,40
2159,0,27,0
2160,1,74,60
2161,0,71,60
2162,1,50,30
2163,0,52,50
2164,1,31,60
2165,1,42,60
2166,1,54,60
2167,1,62,50
2168,0,72,40
2169,1,47,NA
2170,1,46,NA
2171,1,51,50
2172,1,41,NA
2173,0,65,30
2174,1,37,40
2175,0,25,30
2176,1,67,NA
2177,1,29,60
2178,1,27,NA
2179,1,36,60
2180,0,72,60
2181,1,37,50
2182,1,32,NA
2183,0,77,NA
2184,1,64,30
2185,1,58,0
2186,1,52,80
2187,1,54,60
2188,0,21,50
2189,0,64,NA
2190,1,37,NA
2191,1,53,NA
2192,1,40,50
2193,1,45,NA
2194,0,55,NA
2195,1,48,NA
2196,1,65,50
2197,0,56,70
2198,0,41,60
2199,1,38,0
2200,0,64,100
2201,0,44,40
2202,1,74,60
2203,1,36,50
2204,1,31,60
2205,1,38,70
2206,1,73,70
2207,1,73,40
2208,0,28,NA
2209,1,73,70
2210,0,59,40
2211,1,73,60
2212,1,28,40
2213,0,22,50
2214,1,30,NA
2215,0,66,40
2216,1,71,0
2217,1,68,70
2218,0,65,70
2219,1,46,0
2220,1,75,40
2221,0,65,40
2222,1,40,20
2223,0,71,NA
2224,1,27,60
2225,0,45,NA
2226,0,27,60
2227,0,35,NA
2228,0,73,NA
2229,0,75,NA
2230,1,30,30
2231,1,62,60
2232,1,70,10
2233,0,64,80
2234,0,46,NA
2235,0,24,70
2236,1,70,60
2237,1,70,20
2238,0,44,30
2239,1,72,NA
2240,0,70,0
2241,0,64,30
2242,0,23,70
2243,1,23,NA
2244,1,32,50
2245,1,75,60
2246,1,46,50
2247,0,34,70
2248,1,67,NA
2249,1,42,60
2250,1,71,NA
2251,0,79,60
2252,0,22,40
2253,1,65,20
2254,1,65,30
2255,0,23,NA
2256,0,71,0
2257,1,71,NA
2258,0,62,60
2259,1,21,50
2260,1,44,50
2261,1,22,50
2262,0,50,20
2263,0,26,60
2265,1,41,0
2266,1,48,90
2267,1,55,50
2268,1,65,50
2269,0,78,50
2270,0,45,60
2271,1,49,0
2272,1,45,10
2273,0,57,30
2274,0,76,60
2275,0,63,60
2276,0,26,0
2277,0,46,NA
2278,1,44,60
2279,1,42,NA
2280,0,70,60
2281,0,55,50
2282,1,52,NA
2283,1,52,60
2284,1,50,NA
2285,1,78,0
2286,1,38,70
2287,0,21,20
2288,0,74,60
2289,0,22,50
2290,0,33,NA
2291,1,76,30
2292,1,62,50
2293,0,21,30
2294,0,51,0
2295,0,23,60
2296,1,29,NA
2297,1,30,NA
2298,0,29,NA
2299,0,48,20
2300,0,60,50
2301,0,79,50
2302,0,29,80
2303,1,32,20
2304,0,63,70
2305,1,28,50
2306,1,73,10
2307,1,36,NA
2308,0,52,50
2309,1,42,NA
2310,0,77,30
2311,0,29,NA
2312,0,50,30
2313,1,79,90
2314,1,71,60
2315,1,61,50
2316,0,36,70
2317,1,22,NA
2318,1,54,NA
2319,1,50,50
2320,1,67,50
2321,0,73,60
2322,0,64,NA
2323,1,41,60
2324,1,72,NA
2325,1,50,50
2326,0,60,70
2327,1,46,NA
2328,1,23,NA
2329,0,72,20
2330,1,44,NA
2331,1,49,NA
2332,0,64,60
2333,1,42,60
2334,1,43,70
2335,1,70,NA
2336,0,52,60
2337,1,49,60
2338,1,37,50
2339,1,62,30
2340,0,76,60
2341,0,22,0
2342,1,50,50
2343,0,74,70
2344,1,31,NA
2345,1,60,30
2347,0,44,30
2348,0,29,20
2349,1,54,10
2350,1,70,60
2351,0,57,10
2352,1,29,60
2353,1,64,100
2354,1,60,60
2355,1,62,80
2356,1,62,80
2357,0,31,0
2358,0,52,40
2359,0,24,NA
2360,1,42,50
2361,1,54,NA
2362,1,56,30
2363,0,52,30
2364,1,65,50
2365,1,40,0
2366,1,31,NA
2367,0,58,20
2368,1,33,10
2369,0,41,NA
2370,1,61,50
2371,1,57,0
2372,0,57,80
2373,0,57,50
2374,1,71,20
2375,1,37,50
2376,1,41,90
2377,1,32,30
2378,0,54,0
2379,0,47,50
2380,1,45,30
2381,1,47,NA
2382,0,42,NA
2383,0,60,NA
2384,0,33,50
2385,0,43,50
2386,1,40,NA
2387,0,29,20
2388,0,67,60
2389,0,26,60
2390,0,26,70
2391,0,44,80
2392,0,42,80
2393,1,50,0
2394,0,26,0
2395,0,46,30
2396,0,41,NA
2397,0,38,0
2398,1,31,20
2399,0,34,50
2400,0,59,60
2401,1,32,NA
2402,0,31,40
2403,0,56,40
2404,1,55,50
2405,1,52,50
2406,1,54,20
2407,1,77,70
2408,1,75,NA
2409,1,34,50
2410,1,60,NA
2411,1,79,NA
2412,0,57,100
2413,1,52,0
2415,0,72,80
2416,1,70,0
2417,0,55,40
2418,1,36,80
2419,1,74,60
2420,0,74,30
2421,1,32,40
2422,0,40,60
2423,1,51,10
2424,1,71,40
2425,0,43,50
2426,0,54,80
2427,0,43,50
2428,1,57,30
2429,1,45,NA
2430,1,41,NA
2431,1,44,60
2432,0,78,0
2434,1,48,70
2435,0,70,80
2436,1,25,NA
2437,0,33,90
2438,0,41,NA
2439,1,54,60
2440,0,25,50
2441,1,34,50
2442,1,57,NA
2443,1,64,50
2444,0,33,10
2445,1,51,60
2446,1,51,10
2447,0,47,80
2448,1,56,20
2449,1,39,NA
2450,1,59,50
2451,1,54,0
2452,1,60,60
2453,0,39,NA
2454,1,40,NA
2455,0,44,NA
2456,1,72,50
2457,1,78,50
2458,1,34,30
2459,1,35,40
2460,0,63,NA
2461,1,64,20
2462,1,40,20
2463,1,50,50
2465,1,50,NA
2466,0,23,NA
2467,0,63,70
2468,0,61,70
2469,0,39,60
2470,0,34,70
2471,0,39,100
2472,0,37,40
2473,1,41,NA
2474,0,74,10
2475,0,73,60
2476,1,62,30
2477,1,45,60
2478,1,47,NA
2479,1,63,60
2480,0,29,0
2481,1,64,40
2482,0,69,50
2483,0,23,50
2484,0,43,20
2485,0,34,90
2486,0,44,80
2487,1,54,60
2488,0,33,NA
2489,1,60,NA
2490,1,50,70
2491,1,65,70
2492,0,62,70
2493,1,58,60
2494,0,37,50
2495,0,26,NA
2496,1,45,0
2497,0,72,60
2498,0,29,70
2499,1,61,50
2500,1,56,50
2501,0,34,NA
2502,1,61,0
2503,1,60,NA
2504,1,45,40
2505,1,64,50
2506,0,24,50
2507,1,49,50
2508,1,63,40
2509,0,36,NA
2510,0,30,0
2511,0,30,30
2512,1,41,50
2513,1,61,80
2514,0,63,90
2515,1,67,50
2516,0,74,30
2517,0,35,20
2518,0,33,70
2519,1,77,NA
2520,0,32,NA
2521,1,76,20
2522,1,74,50
2523,0,29,NA
2524,0,29,NA
2525,1,66,NA
2526,1,68,NA
2527,0,71,NA
2528,1,69,40
2529,1,43,NA
2530,0,57,NA
2531,1,75,NA
2532,1,53,NA
2533,1,40,NA
2534,1,73,50
2535,0,43,NA
2536,0,69,NA
2537,1,65,NA
2538,1,40,NA
2539,1,47,NA
2540,1,64,NA
2541,1,74,NA
2542,1,70,NA
2543,0,69,0
2544,1,72,NA
2545,0,64,NA
2546,1,58,30
2547,0,65,60
2548,1,59,NA
2549,0,70,NA
2550,0,52,0
2551,1,43,NA
2552,0,67,40
2553,0,62,NA
2554,0,47,NA
2555,0,70,30
2556,1,76,NA
2557,1,59,30
2558,0,75,NA
2559,0,45,NA
2560,0,57,NA
2561,1,65,NA
2562,0,74,NA
2563,1,41,0
2564,0,79,50
2565,0,64,0
2566,0,56,40
2567,1,44,NA
2568,0,49,NA
2569,1,61,NA
2570,0,49,NA
2571,1,21,60
2572,0,64,60
2573,1,46,NA
2574,1,40,NA
2575,1,72,30
2576,1,60,NA
2577,1,36,60
2578,1,54,NA
2579,0,45,NA
2580,1,61,NA
2581,1,55,20
2582,1,77,NA
2583,1,56,NA
2584,0,72,30
2585,1,62,10
2586,1,44,90
2587,0,73,30
2588,0,66,60
2589,0,60,0
2590,1,71,NA
2591,0,45,10
2592,0,68,10
2593,1,71,NA
2594,0,62,60
2595,0,52,NA
2596,1,29,NA
2597,0,71,30
2598,0,71,0
2599,0,51,30
2600,1,19,NA
2601,0,47,20
2602,0,63,60
2603,0,65,50
2604,0,49,60
2605,1,52,NA
2606,0,57,40
2607,0,68,0
2608,0,75,20
2609,0,55,40
2610,1,74,NA
2611,0,53,30
2612,1,37,NA
2613,0,74,10
2614,1,45,NA
2615,1,71,NA
2616,0,63,0
2617,1,61,50
2618,0,43,40
2619,1,26,NA
2620,1,47,NA
2621,1,40,NA
2622,0,52,NA
2623,1,75,NA
2624,1,75,NA
2625,0,72,NA
2626,1,58,50
2627,1,30,70
2628,1,48,50
2629,0,69,NA
2630,1,45,NA
2631,0,50,30
2632,0,59,50
2633,1,65,80
2634,1,66,NA
2635,0,73,NA
2636,1,50,70
2637,1,71,NA
2638,1,61,60
2639,1,54,NA
2640,1,34,NA
2641,1,28,NA
2642,1,29,NA
2643,0,23,NA
2644,0,37,50
2645,1,58,90
2646,1,76,40
2647,1,40,50
2648,1,58,NA
2650,0,45,NA
2651,1,27,NA
2652,0,70,60
2653,1,35,50
2654,1,44,NA
2655,0,32,NA
2656,1,37,NA
2657,0,38,NA
2658,1,39,NA
2659,1,22,60
2660,0,50,NA
2661,1,58,NA
2662,1,39,NA
2663,0,66,60
2664,1,46,NA
2665,1,73,30
2666,1,34,NA
2667,1,44,NA
2668,1,67,NA
2669,1,36,20
2670,1,53,60
2671,1,62,NA
2672,1,59,NA
2673,1,67,NA
2674,1,71,NA
2675,1,47,NA
2676,1,57,40
2677,1,58,NA
2678,0,57,20
2679,0,48,NA
2681,1,72,40
2682,0,65,50
2683,1,52,NA
2684,1,45,NA
2685,1,36,NA
2686,1,56,NA
2687,1,48,NA
2688,0,62,NA
2689,1,42,NA
2690,0,43,NA
2691,1,58,30
2692,0,27,NA
2693,1,70,NA
2694,1,45,NA
2695,0,60,NA
2696,0,67,NA
2697,1,33,NA
2698,0,78,20
2699,0,69,40
2700,1,64,NA
2701,1,65,NA
2702,1,43,NA
2703,0,61,NA
2704,1,70,NA
2705,0,49,0
2706,1,55,30
2707,0,68,40
2708,0,58,60
2709,0,75,NA
2710,0,37,10
2711,1,44,NA
2712,1,45,NA
2713,0,70,0
2714,1,40,NA
2715,1,66,NA
2716,1,69,NA
2717,0,77,70
2718,0,72,60
2719,0,47,NA
2720,1,77,NA
2721,0,59,40
2722,1,55,50
2723,0,77,NA
2724,1,60,NA
2725,1,71,NA
2726,0,67,NA
2727,1,71,NA
2728,1,46,NA
2729,1,47,NA
2730,0,74,NA
2731,1,35,50
2732,1,31,NA
2733,0,39,60
2734,1,48,NA
2735,0,74,40
2736,1,64,40
2737,1,73,0
2738,1,47,NA
2739,1,57,NA
2740,1,63,10
2741,0,74,NA
2742,1,44,40
2743,0,48,NA
2744,0,73,80
2745,1,67,70
2746,1,46,NA
2747,1,56,NA
2748,1,72,NA
2749,1,71,30
2750,1,46,NA
2751,0,44,NA
2752,1,44,NA
2753,0,19,0
2754,1,48,NA
2755,1,40,30
2756,1,55,30
2757,1,76,NA
2758,0,23,70
2759,1,70,0
2760,1,68,NA
2761,1,65,30
2762,1,60,NA
2763,1,63,NA
2764,1,61,NA
2765,1,67,NA
2767,1,41,NA
2768,0,77,NA
2769,1,42,NA
2770,0,38,0
2771,1,62,NA
2772,0,60,60
